id,employee_id,teachos_user_id,full_name,org_email,mobile,date_of_joining,department,sub_department,designation,direct_manager,work_location,workspace,gender,current_state,current_city,darwin_employee_status,in_darwin,in_teachos,teachos_role,teachos_category,teachos_manager,institutes,computed_status,manual_status,exit_date,converted_university_name,notes,classification,classification_reason,exit_flag,exit_flag_status,exit_flag_date,in_darwin_full_roster,dept_bucket,dept_area,deployment_status,payroll_candidate_matched,payroll_candidate_note
8,NW0007267,t-08,Rahul Khanna,rahulkhanna@edtech.example,,2026-03-14,Instructors,University Programs,Instructor,,,,,,,Active,t,f,,,,{},active,,2026-08-08,,,,,f,,,f,,,,f,
19,,t-19,Lakshmi Narayanan,lakshminarayanan@edtech.example,,,Instructors,University Programs,Senior Instructor,,,,,,,,f,f,,,,{},needs_review,converted_university,,Sathyabama Institute,Requires reconciliation,,,f,,,f,,,,f,
22,NW0007252,,Aman Chawla,amanchawla@edtech.example,,2025-04-02,Instructors,Career Services,Career Coach,,,,,,,,f,f,,,,{},needs_review,exited,2026-08-08,,Requires reconciliation,,,f,,,f,,,,f,
20,,t-20,Kabir Singh,kabirsingh@edtech.example,,,Instructors,University Programs,Instructor,,,,,,,,f,f,,,,{},needs_review,converted_university,,Chandigarh University,Requires reconciliation,,,f,,,f,,,,f,
2,NW0007261,t-02,Arjun Rao,arjunrao@edtech.example,,2026-08-13,Instructors,Academic Delivery,Instructor,,,,,,,Active,t,f,,,,{},active,,2026-08-08,,,,,f,,,f,,,,f,
9,NW0007268,t-09,Divya Iyer,divyaiyer@edtech.example,,2026-01-28,Instructors,Academic Delivery,Senior Instructor,,,,,,,Active,t,f,,,,{},active,,2026-08-08,,,,,f,,,f,,,,f,
14,NW0007273,,Nandini Rao,nandinirao@edtech.example,,2026-08-09,Instructors,University Programs,Instructor,,,,,,,Active,t,f,,,,{},active,,2026-08-08,,,,,f,,,f,,,,f,
18,,t-18,Faizan Ahmed,faizanahmed@edtech.example,,,Instructors,Academic Delivery,Instructor,,,,,,,,f,f,,,,{},needs_review,,,,,,,f,,,f,,,,f,
10,NW0007269,t-10,Siddharth Jain,siddharthjain@edtech.example,,2025-12-28,Instructors,Academic Delivery,Instructor,,,,,,,Active,t,f,,,,{},active,,2026-08-08,,,,,f,,,f,,,,f,
21,NW0007251,t-21,Pooja Bhat,poojabhat@edtech.example,,2025-06-10,Instructors,Academic Delivery,Instructor,,,,,,,,f,f,,,,{},needs_review,exited,2026-08-08,,Requires reconciliation,,,f,,,f,,,,f,
13,NW0007272,,Ritesh Malhotra,riteshmalhotra@edtech.example,,2026-08-04,Instructors,Academic Delivery,Instructor,,,,,,,Active,t,f,,,,{},active,,2026-08-08,,,,,f,,,f,,,,f,
42,,e634b8ec89b74e1689b9a8035baf9686,Ponneboina vamshi,,,,,,,,,,,,,,f,t,CENTRAL_INSTRUCTOR,TECH,Venkatesh Pitchumani,"{""Training Institute""}",needs_review,,,,,,,f,,,f,tech,,in_training,f,
27,,78c2afb3644a4275aff01d0483548fd2,Jamuna Jhansi,,,,,,,,,,,,,,f,t,CENTRAL_INSTRUCTOR,TECH,Venkatesh Pitchumani,"{""Training Institute""}",needs_review,,,,,,,f,,,f,tech,,in_training,f,
45,,421cc684b2ac4911be85c22e95b7380a,Aditya Kshirsagar,,,,,,,,,,,,,,f,t,CENTRAL_INSTRUCTOR,TECH,Venkatesh Pitchumani,"{""Sanjay Ghodawat University""}",needs_review,,,,,,,f,,,f,tech,,deployed,f,
3,NW0007262,t-03,Priya Shah,priyashah@edtech.example,,2026-07-31,Instructors,University Programs,Lead Instructor,,,,,,,Active,t,f,,,,{},active,,2026-08-08,,,,,f,,,f,,,,f,
38,,96816d70ae114d3e85bfbc7c0b1c3187,Muskan Vasudeo Bajaj,,,,,,,,,,,,,,f,t,CENTRAL_INSTRUCTOR,TECH,Venkatesh Pitchumani,"{""A Dy Patil University""}",needs_review,,,,,,,f,,,f,tech,,deployed,f,
44,,6eda6ced091742078d62c76a39e8348b,Kuruva Bhargav,,,,,,,,,,,,,,f,t,CENTRAL_INSTRUCTOR,TECH,Venkatesh Pitchumani,"{""Training Institute""}",needs_review,,,,,,,f,,,f,tech,,in_training,f,
49,,b9d1ddf724564b2291311bf92e176f0a,Thamil Oviyan I,,,,,,,,,,,,,,f,t,CENTRAL_INSTRUCTOR,TECH,Naga Venkata Dasaradhi Nunna,{AMET},needs_review,,,,,,,f,,,f,tech,,deployed,f,
33,,462f2beb9a094597b9fe3357fa801d81,Potluri Divya Sri,,,,,,,,,,,,,,f,t,CENTRAL_INSTRUCTOR,TECH,Naga Venkata Dasaradhi Nunna,{NRI},needs_review,,,,,,,f,,,f,tech,,deployed,f,
26,,2a160101514f436abed09c4d1268e674,C H V S Aditya,,,,,,,,,,,,,,f,t,INSTRUCTOR,TECH,Naga Venkata Dasaradhi Nunna,"{""Training Institute""}",needs_review,,,,,,,f,,,f,tech,,in_training,f,
70,,2aa66cfacdc549568416ca15422c4dd4,Chiluka Mounika,,,,,,,,,,,,,,f,t,CENTRAL_INSTRUCTOR,TECH,Naga Venkata Dasaradhi Nunna,"{""Nxtwave Institute of Advanced Technologies""}",needs_review,,,,,,,f,,,f,tech,,deployed,f,
75,,5ed790b78126438081cb7320aed0bc7d,Janamoni Shyamala,,,,,,,,,,,,,,f,t,CENTRAL_INSTRUCTOR,TECH,Naga Venkata Dasaradhi Nunna,"{""Chaitanya Deemed-to-be University""}",needs_review,,,,,,,f,,,f,tech,,deployed,f,
62,,d70e50747b4e4617ad1cd283570c2850,Chintakrindi Sai Siva Teja,,,,,,,,,,,,,,f,t,CENTRAL_INSTRUCTOR,TECH,Naga Venkata Dasaradhi Nunna,"{""Aurora University""}",needs_review,,,,,,,f,,,f,tech,,deployed,f,
34,,1114aa0ab40843a684c7e90c837c7fd1,Rachamalla Venkateswarlu,,,,,,,,,,,,,,f,t,CENTRAL_INSTRUCTOR,TECH,Venkatesh Pitchumani,"{""Crescent University""}",needs_review,,,,,,,f,,,f,tech,,deployed,f,
73,,e56e4d2323a64d99acc71d4cc9834b77,Lakshana R,,,,,,,,,,,,,,f,t,CENTRAL_INSTRUCTOR,TECH,Naga Venkata Dasaradhi Nunna,{AMET},needs_review,,,,,,,f,,,f,tech,,deployed,f,
80,,810b87181412413ea114288cf46e5b66,Puli Yash Vardhan,,,,,,,,,,,,,,f,t,CENTRAL_INSTRUCTOR,TECH,Naga Venkata Dasaradhi Nunna,"{""Aurora University""}",needs_review,,,,,,,f,,,f,tech,,deployed,f,
72,,f3c420f56fd8482d99cf6c1006f62c9d,Katta Sahithi,,,,,,,,,,,,,,f,t,CENTRAL_INSTRUCTOR,TECH,Naga Venkata Dasaradhi Nunna,"{""Malla Reddy University""}",needs_review,,,,,,,f,,,f,tech,,deployed,f,
74,,a93ff9a5cae54a0abe0d5ede3235fc3f,Sandela Shiva Sai,,,,,,,,,,,,,,f,t,CENTRAL_INSTRUCTOR,TECH,Naga Venkata Dasaradhi Nunna,"{""Training Institute""}",needs_review,,,,,,,f,,,f,tech,,in_training,f,
86,,d31130a227f14178a65d1ba990893be6,Sura Ashwini,,,,,,,,,,,,,,f,t,CENTRAL_INSTRUCTOR,TECH,Naga Venkata Dasaradhi Nunna,"{""Training Institute""}",needs_review,,,,,,,f,,,f,tech,,in_training,f,
98,,f271428769bd4a2aa9a214190bd2b2dc,Rachapalli Venu,,,,,,,,,,,,,,f,t,INSTRUCTOR,TECH,Venkatesh Pitchumani,"{""Training Institute""}",needs_review,,,,,,,f,,,f,tech,,in_training,f,
76,,17fa5ea2b45343cbaee809bf01fe9d48,Sanjana D,,,,,,,,,,,,,,f,t,CENTRAL_INSTRUCTOR,TECH,Naga Venkata Dasaradhi Nunna,"{""Training Institute""}",needs_review,,,,,,,f,,,f,tech,,in_training,f,
104,,97cd12b4ccc84595bf67808068a1688f,Sagarika Mahata,,,,,,,,,,,,,,f,t,INSTRUCTOR,TECH,Venkatesh Pitchumani,"{""A Dy Patil University""}",needs_review,,,,,,,f,,,f,tech,,deployed,f,
100,,1c6c9a6cbb73498b831f8ef1fa1b13b2,Thishna,,,,,,,,,,,,,,f,t,CENTRAL_INSTRUCTOR,TECH,Venkatesh Pitchumani,"{""Takshasila University""}",needs_review,,,,,,,f,,,f,tech,,deployed,f,
116,,6303e41f532f4875b586f424876c1c49,Mohammad Izhaar Ahmed,,,,,,,,,,,,,,f,t,CENTRAL_INSTRUCTOR,TECH,Venkatesh Pitchumani,"{""Chaitanya Deemed-to-be University""}",needs_review,,,,,,,f,,,f,tech,,deployed,f,
107,,29adb9b8ad8b49ffb75a9aaf556c94b4,Manishraj R,,,,,,,,,,,,,,f,t,INSTRUCTOR,TECH,Venkatesh Pitchumani,"{""Training Institute""}",needs_review,,,,,,,f,,,f,tech,,in_training,f,
106,,23b230a5396f4d87bdfb4cdbf9580677,Yaswanth Boddikurapati,,,,,,,,,,,,,,f,t,CENTRAL_INSTRUCTOR,TECH,Venkatesh Pitchumani,"{""Training Institute""}",needs_review,,,,,,,f,,,f,tech,,in_training,f,
94,,765f86776b8b47c7804a50878e5fb5aa,Sainadh Kari,,,,,,,,,,,,,,f,t,CENTRAL_INSTRUCTOR,TECH,Naga Venkata Dasaradhi Nunna,"{""Training Institute""}",needs_review,,,,,,,f,,,f,tech,,in_training,f,
113,,810dae11be9f47c0afd3e550a47bd60f,Jakkani Rishikesh,,,,,,,,,,,,,,f,t,INSTRUCTOR,TECH,Venkatesh Pitchumani,"{""Training Institute""}",needs_review,,,,,,,f,,,f,tech,,in_training,f,
128,,b6f7bb77e874495a8600008ae5165831,Md Belal Arshad,,,,,,,,,,,,,,f,t,CENTRAL_INSTRUCTOR,TECH,Venkatesh Pitchumani,"{""NIAT Chevella""}",needs_review,,,,,,,f,,,f,tech,,deployed,f,
136,,d6ea02b2433d498db44d2f0202f808c5,Saumya Sunil Patil,,,,,,,,,,,,,,f,t,INSTRUCTOR,TECH,Venkatesh Pitchumani,"{""Training Institute""}",needs_review,,,,,,,f,,,f,tech,,in_training,f,
150,,cb4592e3a1f340c59e1d94d992aa2bac,Sachin Muskudi,,,,,,,,,,,,,,f,t,INSTRUCTOR,TECH,Venkatesh Pitchumani,"{""Training Institute""}",needs_review,,,,,,,f,,,f,tech,,in_training,f,
91,,4796020b460c4968ad331a2300b57138,Gajwada Greeshma,,,,,,,,,,,,,,f,t,CENTRAL_INSTRUCTOR,TECH,Venkatesh Pitchumani,"{""NIAT Chevella""}",needs_review,,,,,,,f,,,f,tech,,deployed,f,
165,,7421ad8d9d754b8897edaba89af0c32a,Nanthini S,,,,,,,,,,,,,,f,t,CENTRAL_INSTRUCTOR,TECH,Venkatesh Pitchumani,"{""Nxtwave Institute of Advanced Technologies""}",needs_review,,,,,,,f,,,f,tech,,deployed,f,
133,,7c27a6165514454a9dcc97a5d1f1f934,Sanmathi G,,,,,,,,,,,,,,f,t,CENTRAL_INSTRUCTOR,TECH,Venkatesh Pitchumani,"{""Annamacharya University""}",needs_review,,,,,,,f,,,f,tech,,deployed,f,
151,,fbcb01c117834cd78b1d210126e550c6,Kosetti Niharika,,,,,,,,,,,,,,f,t,CENTRAL_INSTRUCTOR,TECH,Venkatesh Pitchumani,"{""Training Institute""}",needs_review,,,,,,,f,,,f,tech,,in_training,f,
144,,6b3703bf6f9a426fa688548e19d0f934,Pranathi Kagithala,,,,,,,,,,,,,,f,t,CENTRAL_INSTRUCTOR,TECH,Venkatesh Pitchumani,"{""Chalapathy (CITY)""}",needs_review,,,,,,,f,,,f,tech,,deployed,f,
145,,ac26faa28a834f529c161663ad27b473,Kintali Sri Varsha,,,,,,,,,,,,,,f,t,INSTRUCTOR,TECH,Venkatesh Pitchumani,"{""Training Institute""}",needs_review,,,,,,,f,,,f,tech,,in_training,f,
163,,27042225b2f24042b7d985551670ed4b,G Poojitha,,,,,,,,,,,,,,f,t,CENTRAL_INSTRUCTOR,TECH,Venkatesh Pitchumani,"{""Training Institute""}",needs_review,,,,,,,f,,,f,tech,,in_training,f,
159,,3768e37e310d46eaa4561427f6337749,BANAVATH NAVEENA,,,,,,,,,,,,,,f,t,INSTRUCTOR,TECH,Venkatesh Pitchumani,"{""Training Institute""}",needs_review,,,,,,,f,,,f,tech,,in_training,f,
85,,a56b0c92ccb94d06889f1f33ae81f8a8,Lavish Kumar Varshney,,,,,,,,,,,,,,f,t,INSTRUCTOR,TECH,Venkatesh Pitchumani,"{""Training Institute""}",needs_review,,,,,,,f,,,f,tech,,in_training,f,
195,,9460a803549549c7ad9b9ed88ac63ae3,Sparsh,,,,,,,,,,,,,,f,t,INSTRUCTOR,TECH,Venkatesh Pitchumani,"{""Sushant University""}",needs_review,,,,,,,f,,,f,tech,,deployed,f,
183,,9570d2dd363648bda1f36b714fdad10e,Chitti Harsh Vardhan,,,,,,,,,,,,,,f,t,INSTRUCTOR,TECH,Venkatesh Pitchumani,"{""Chaitanya Deemed-to-be University""}",needs_review,,,,Possible match: Puli Yash Vardhan (65% confidence). Review before merging.,,,f,,,f,tech,,deployed,f,
207,,87d7dd8a4f454a688c382a91a59fa2b6,Jaka Prasanth,,,,,,,,,,,,,,f,t,CENTRAL_INSTRUCTOR,TECH,Venkatesh Pitchumani,"{""Aurora University""}",payroll_converted,,,,,payroll_converted,Confirmed against uploaded payroll reference file,f,,,f,tech,,deployed,t,
184,,b54f181c317c4685afc0ca97a9347e3b,Yarlagadda Jaswanth Kumar,,,,,,,,,,,,,,f,t,CENTRAL_INSTRUCTOR,TECH,Venkatesh Pitchumani,"{""Intensive Offline DC""}",needs_review,,,,,,,f,,,f,tech,,deployed,f,
172,,48486d60d7944588809419300284461e,Sachith Krishna A,,,,,,,,,,,,,,f,t,CENTRAL_INSTRUCTOR,TECH,Naga Venkata Dasaradhi Nunna,"{""Training Institute""}",needs_review,,,,,,,f,,,f,tech,,in_training,f,
154,,98d7c842b91b4f84b51c353b40d93c85,Darla Sandeep,,,,,,,,,,,,,,f,t,CENTRAL_INSTRUCTOR,TECH,Venkatesh Pitchumani,"{""Annamacharya University""}",needs_review,,,,,,,f,,,f,tech,,deployed,f,
216,,7f7ae84d2e064e1580f00ec15111e99e,Mir Nabeel Uddin,,,,,,,,,,,,,,f,t,CENTRAL_INSTRUCTOR,TECH,Venkatesh Pitchumani,"{""Chaitanya Deemed-to-be University""}",needs_review,,,,,,,f,,,f,tech,,deployed,f,
224,,43d49812347d44abb50f651fae48fc6b,Rugveda Kurukuri,,,,,,,,,,,,,,f,t,INSTRUCTOR,TECH,Venkatesh Pitchumani,"{""Training Institute""}",needs_review,,,,,,,f,,,f,tech,,in_training,f,
234,,ff2122c5670e4bd48ad8ad983ae2b2cd,Rachit Dwivedi,,,,,,,,,,,,,,f,t,INSTRUCTOR,TECH,Venkatesh Pitchumani,"{""Training Institute""}",needs_review,,,,,,,f,,,f,tech,,in_training,f,
210,,2b1870559c4e47338882569ff569303e,Manas Jyoti Roy,,,,,,,,,,,,,,f,t,INSTRUCTOR,TECH,Venkatesh Pitchumani,"{""NIAT Chevella""}",needs_review,,,,,,,f,,,f,tech,,deployed,f,
220,,a61aaab345c24cecbf9207d69b98ba76,Shruti Sharma,,,,,,,,,,,,,,f,t,CENTRAL_INSTRUCTOR,TECH,Naga Venkata Dasaradhi Nunna,"{""Training Institute""}",needs_review,,,,,,,f,,,f,tech,,in_training,f,
215,,3187b96a359f4c52aed8d92a362a4e96,Rasani Mounika,,,,,,,,,,,,,,f,t,CENTRAL_INSTRUCTOR,TECH,Venkatesh Pitchumani,"{""Aurora University""}",needs_review,,,,,,,f,,,f,tech,,deployed,f,
239,,22048cafa5a341738bc52b0fbd7e1cd1,Akula Nithin,,,,,,,,,,,,,,f,t,CENTRAL_INSTRUCTOR,TECH,Venkatesh Pitchumani,"{""Annamacharya University""}",needs_review,,,,,,,f,,,f,tech,,deployed,f,
211,,a4c2f4069ba3460ba6fd37e2703a4711,K Narendran,,,,,,,,,,,,,,f,t,INSTRUCTOR,TECH,Venkatesh Pitchumani,"{""Training Institute""}",needs_review,,,,,,,f,,,f,tech,,in_training,f,
240,,29493a248e964ca8a14ff73ea472983a,Katta Jayachandra,,,,,,,,,,,,,,f,t,INSTRUCTOR,TECH,Venkatesh Pitchumani,{AMET},needs_review,,,,,,,f,,,f,tech,,deployed,f,
223,,7f0fc1f8366d478692ca2c5020cb3b00,MADDULA SIREESHA,,,,,,,,,,,,,,f,t,INSTRUCTOR,TECH,Venkatesh Pitchumani,"{""Training Institute""}",needs_review,,,,,,,f,,,f,tech,,in_training,f,
204,,19291147642540b6aacd3ad4e06bae6f,Pratheek Pralhdachar,,,,,,,,,,,,,,f,t,CENTRAL_INSTRUCTOR,TECH,Venkatesh Pitchumani,"{""Yenapoya University""}",payroll_converted,,,,,payroll_converted,Confirmed against uploaded payroll reference file,f,,,f,tech,,deployed,t,
257,,b69b8d581b564fc8b71b23b41dbb9bb1,Swetha Thammaneni,,,,,,,,,,,,,,f,t,CENTRAL_INSTRUCTOR,TECH,Naga Venkata Dasaradhi Nunna,"{""Aurora University""}",needs_review,,,,,,,f,,,f,tech,,deployed,f,
264,,9656429caeae49a4a8d4025bf3517610,Tirumalasetti Karthikeya,,,,,,,,,,,,,,f,t,CENTRAL_INSTRUCTOR,TECH,Naga Venkata Dasaradhi Nunna,"{""Training Institute""}",needs_review,,,,,,,f,,,f,tech,,in_training,f,
280,,b015e35d41254b379c288c261e524506,KATRAPATI SRI CHANDANA,,,,,,,,,,,,,,f,t,INSTRUCTOR,TECH,Venkatesh Pitchumani,"{""Chaitanya Deemed-to-be University""}",needs_review,,,,,,,f,,,f,tech,,deployed,f,
266,,c500ec4bf0db42c3affbecdae7b0e87d,Blessy Tadepalli,,,,,,,,,,,,,,f,t,CENTRAL_INSTRUCTOR,TECH,Venkatesh Pitchumani,"{""Chaitanya Deemed-to-be University""}",needs_review,,,,,,,f,,,f,tech,,deployed,f,
263,,e4c680bdc58f428387a6745efbd82d36,Mayank Pratap Singh Chauhan,,,,,,,,,,,,,,f,t,CENTRAL_INSTRUCTOR,TECH,Venkatesh Pitchumani,"{""Vivekananda global University""}",needs_review,,,,,,,f,,,f,tech,,deployed,f,
247,,2a06fc924df94afa8580021f673392d3,K. Bhavana Sai,,,,,,,,,,,,,,f,t,INSTRUCTOR,TECH,Venkatesh Pitchumani,"{""Training Institute""}",needs_review,,,,,,,f,,,f,tech,,in_training,f,
283,,70d151ff250d47e6832a99e031ede92c,Devi Sree Prasad Mudooru,,,,,,,,,,,,,,f,t,INSTRUCTOR,TECH,Venkatesh Pitchumani,"{""Training Institute""}",needs_review,,,,,,,f,,,f,tech,,in_training,f,
261,,25620824ec804cd0bf46d180c2d861cc,RENGARASU C,,,,,,,,,,,,,,f,t,CENTRAL_INSTRUCTOR,TECH,Venkatesh Pitchumani,"{""Takshasila University""}",needs_review,,,,,,,f,,,f,tech,,deployed,f,
255,,ea3e569f60b04a0da21f8a15dcfe38f1,Talanki Sai Sreekar,,,,,,,,,,,,,,f,t,CENTRAL_INSTRUCTOR,TECH,Naga Venkata Dasaradhi Nunna,{GMRIT},needs_review,,,,,,,f,,,f,tech,,deployed,f,
279,,6b754a0ba7da42bd8b0fff5fb27f1aa7,Deepika K,,,,,,,,,,,,,,f,t,INSTRUCTOR,TECH,Venkatesh Pitchumani,"{""Joy University""}",needs_review,,,,,,,f,,,f,tech,,deployed,f,
282,,a124b781acaa4f1292b6a7cc9396aab3,Kilaparthi Mani Shankar Avinash,,,,,,,,,,,,,,f,t,INSTRUCTOR,TECH,Venkatesh Pitchumani,"{""Training Institute""}",needs_review,,,,,,,f,,,f,tech,,in_training,f,
256,,19a6973d109f4eabb39539f9855fc6d1,Divya Sankari S,,,,,,,,,,,,,,f,t,CENTRAL_INSTRUCTOR,TECH,Naga Venkata Dasaradhi Nunna,"{""SPIHER University Chennai""}",needs_review,,,,,,,f,,,f,tech,,deployed,f,
312,,81df68f8f8564a8996fc5a55d0815a03,Bershina .P,,,,,,,,,,,,,,f,t,INSTRUCTOR,TECH,Venkatesh Pitchumani,"{""Malla Reddy Vishwavidyapeeth""}",needs_review,,,,,,,f,,,f,tech,,deployed,f,
306,,3a526da85b7c4337bca559f47a38d8f2,Ganta Akhila,,,,,,,,,,,,,,f,t,INSTRUCTOR,TECH,Venkatesh Pitchumani,"{""Training Institute""}",needs_review,,,,,,,f,,,f,tech,,in_training,f,
277,,8861d601a074407ba4f0dcfeba560a57,Vuyyuri Kavya Sri,,,,,,,,,,,,,,f,t,CENTRAL_INSTRUCTOR,TECH,Venkatesh Pitchumani,"{""SMR University""}",needs_review,,,,Possible match: Potluri Divya Sri (65% confidence). Review before merging.,,,f,,,f,tech,,deployed,f,
225,,07326662faec42618af055d44915caa8,Mallesh Dolu,,,,,,,,,,,,,,f,t,INSTRUCTOR,TECH,Venkatesh Pitchumani,"{""Training Institute""}",needs_review,,,,,,,f,,,f,tech,,in_training,f,
288,,e0ca5738e11b41bebe0a9d4dad3c05fc,Archana Kumari,,,,,,,,,,,,,,f,t,CENTRAL_INSTRUCTOR,TECH,Venkatesh Pitchumani,"{""Training Institute""}",needs_review,,,,,,,f,,,f,tech,,in_training,f,
301,,63fa794112464ae9a9c6452494296ef9,Atifa Raheel,,,,,,,,,,,,,,f,t,CENTRAL_INSTRUCTOR,TECH,Naga Venkata Dasaradhi Nunna,"{""SMR University""}",needs_review,,,,,,,f,,,f,tech,,deployed,f,
276,,3ec7f5e170bf4dcf805d481dd7a7a629,Dangeti Siddharth,,,,,,,,,,,,,,f,t,CENTRAL_INSTRUCTOR,TECH,Naga Venkata Dasaradhi Nunna,"{""Sri Sri University""}",needs_review,,,,Possible match: Vakiti Siddhartha (71% confidence). Review before merging.,,,f,,,f,tech,,deployed,f,
217,,7f8520aa91fe408e91c11af0cbf9486a,Deepthi,,,,,,,,,,,,,,f,t,CENTRAL_INSTRUCTOR,TECH,Venkatesh Pitchumani,"{""Malla Reddy Vishwavidyapeeth""}",needs_review,,,,,,,f,,,f,tech,,deployed,f,
341,,f3ed4d6dc9474be392871798a6fe5974,Meetali Sharma,,,,,,,,,,,,,,f,t,CENTRAL_INSTRUCTOR,TECH,Venkatesh Pitchumani,"{""Aurora University""}",needs_review,,,,Possible match: Devnath Sharma (64% confidence). Review before merging.,,,f,,,f,tech,,deployed,f,
330,,49fafab056fe4e91b2d806c84203ebd6,Veeresh Ambari,,,,,,,,,,,,,,f,t,INSTRUCTOR,TECH,Venkatesh Pitchumani,"{""Training Institute""}",needs_review,,,,,,,f,,,f,tech,,in_training,f,
331,,0748956186124fb2a36e1a323d05606b,Praveen,,,,,,,,,,,,,,f,t,CENTRAL_INSTRUCTOR,TECH,Venkatesh Pitchumani,{NRI},needs_review,,,,,,,f,,,f,tech,,deployed,f,
334,,1a70e8ac5b3349d88e6d2dcb3c043cdc,Pankaj Gangwar,,,,,,,,,,,,,,f,t,CENTRAL_INSTRUCTOR,TECH,Venkatesh Pitchumani,"{""A Dy Patil University""}",needs_review,,,,,,,f,,,f,tech,,deployed,f,
340,,e592f20ebfb04eeeb8b818d3779dc4d9,NARENDRA V S,,,,,,,,,,,,,,f,t,INSTRUCTOR,TECH,Venkatesh Pitchumani,"{""Yenapoya University""}",needs_review,,,,,,,f,,,f,tech,,deployed,f,
354,,ed155807d3fd4a68a8aea5c2e0ded76c,Tahura Tazeen Khanam,,,,,,,,,,,,,,f,t,INSTRUCTOR,TECH,Venkatesh Pitchumani,"{""Training Institute""}",needs_review,,,,,,,f,,,f,tech,,in_training,f,
303,,c4f4990dadf4414fa51d92973fe7c264,SANJANA BORIGAM,,,,,,,,,,,,,,f,t,INSTRUCTOR,TECH,Venkatesh Pitchumani,"{""Training Institute""}",needs_review,,,,,,,f,,,f,tech,,in_training,f,
366,,a6cb04da74f74954a46e9334e7c996d0,Vinay Dua,,,,,,,,,,,,,,f,t,INSTRUCTOR,TECH,Venkatesh Pitchumani,"{""Training Institute""}",needs_review,,,,Possible match: Vinay R A (78% confidence). Review before merging.,,,f,,,f,tech,,in_training,f,
395,,c4883be8e0cf4922973c007733a59ec2,Gunavardhan Yenneti,,,,,,,,,,,,,,f,t,CENTRAL_INSTRUCTOR,TECH,Venkatesh Pitchumani,{NRI},needs_review,,,,,,,f,,,f,tech,,deployed,f,
371,,3e20483132e64dcbb8eba0d70933d4ea,Divyam Agarwal,,,,,,,,,,,,,,f,t,CENTRAL_INSTRUCTOR,TECH,Venkatesh Pitchumani,"{""Vivekananda global University""}",needs_review,,,,,,,f,,,f,tech,,deployed,f,
369,,7761e94fe19f4d7f92c092c892c64ef2,Chenchala Shiva Prasad,,,,,,,,,,,,,,f,t,INSTRUCTOR,TECH,Venkatesh Pitchumani,"{""Training Institute""}",needs_review,,,,,,,f,,,f,tech,,in_training,f,
386,,e6a3feab9fea4e369e79e7880c8f437b,AKASH SINGH,,,,,,,,,,,,,,f,t,CENTRAL_INSTRUCTOR,TECH,Naga Venkata Dasaradhi Nunna,"{""Vivekananda global University""}",needs_review,,,,Possible match: Manish Singh (75% confidence). Review before merging.,,,f,,,f,tech,,deployed,f,
373,,db5b229e7b9f4ec0aab8aa7754074697,Deepak R,,,,,,,,,,,,,,f,t,CENTRAL_INSTRUCTOR,TECH,Naga Venkata Dasaradhi Nunna,"{""Joy University""}",needs_review,,,,Possible match: Deepika K (67% confidence). Review before merging.,,,f,,,f,tech,,deployed,f,
383,,e2156c6bdac94adab9ff3b3908499153,Hema Kumar,,,,,,,,,,,,,,f,t,CENTRAL_INSTRUCTOR,TECH,Venkatesh Pitchumani,{NRI},needs_review,,,,,,,f,,,f,tech,,deployed,f,
380,,1fbf3e5eb33248beadf7094fb7d5aa79,Siddhanth Mosam,,,,,,,,,,,,,,f,t,INSTRUCTOR,TECH,Dharavath Jayanth,"{""IIT kharagpur""}",needs_review,,,,,,,f,,,f,tech,,deployed,f,
362,,df5dca5738e54dd3bfebee8d8c67d6f5,Suhas S,,,,,,,,,,,,,,f,t,INSTRUCTOR,TECH,Venkatesh Pitchumani,"{""Joy University""}",needs_review,,,,,,,f,,,f,tech,,deployed,f,
260,,d11989acc31d44e4b7b15ff982c8435e,Ashutosh Kurhade,,,,,,,,,,,,,,f,t,INSTRUCTOR,TECH,Venkatesh Pitchumani,"{""Training Institute""}",needs_review,,,,,,,f,,,f,tech,,in_training,f,
275,,fd1bd4ba65ec47d09a7532aeef59c7fb,Pavitra Hepsiba,,,,,,,,,,,,,,f,t,INSTRUCTOR,TECH,Venkatesh Pitchumani,"{""Training Institute""}",needs_review,,,,,,,f,,,f,tech,,in_training,f,
273,,dcc84b781ea04fadb903e900a992bc81,Sandeep Kumar,,,,,,,,,,,,,,f,t,CENTRAL_INSTRUCTOR,TECH,Venkatesh Pitchumani,"{""Yenapoya University""}",needs_review,,,,Possible match: Sandeep Sharma (64% confidence). Review before merging.,,,f,,,f,tech,,deployed,f,
142,,c70004d89466482b8f080afc7af9d391,Alapati Bhargava Rama Bharadwaja,,,,,,,,,,,,,,f,t,INSTRUCTOR,TECH,Venkatesh Pitchumani,"{""Training Institute""}",needs_review,,,,,,,f,,,f,tech,,in_training,f,
381,,2accd4996a14429a96d9e798c0855dd4,Kusuma,,,,,,,,,,,,,,f,t,CENTRAL_INSTRUCTOR,TECH,Venkatesh Pitchumani,"{""SMR University""}",needs_review,,,,,,,f,,,f,tech,,deployed,f,
431,,e191508e30d8478dae4c39b9bf66d687,Arun A,,,,,,,,,,,,,,f,t,CENTRAL_INSTRUCTOR,TECH,Venkatesh Pitchumani,"{""Takshasila University""}",needs_review,,,,Possible match: Arjun Rao (67% confidence). Review before merging.,,,f,,,f,tech,,deployed,f,
410,,93b8ab8584164fa3a1d0f05d3ef5cd91,Kavya,,,,,,,,,,,,,,f,t,CENTRAL_INSTRUCTOR,TECH,Venkatesh Pitchumani,"{""Training Institute""}",needs_review,,,,,,,f,,,f,tech,,in_training,f,
416,,816072ed77a7472cb3acca3338f9e662,BASAVA YOGESWARA RAO,,,,,,,,,,,,,,f,t,CENTRAL_INSTRUCTOR,TECH,Venkatesh Pitchumani,"{""Annamacharya University""}",needs_review,,,,,,,f,,,f,tech,,deployed,f,
418,,2e4197f2dec241df8188e9c459470368,Pooja,,,,,,,,,,,,,,f,t,CENTRAL_INSTRUCTOR,TECH,Venkatesh Pitchumani,"{""A Dy Patil University""}",needs_review,,,,,,,f,,,f,tech,,deployed,f,
415,,fd78cdcae0324bce89f08fc3bd2ce357,Govada Likhith,,,,,,,,,,,,,,f,t,INSTRUCTOR,TECH,Venkatesh Pitchumani,"{""Training Institute""}",needs_review,,,,,,,f,,,f,tech,,in_training,f,
441,,9e5b11c7024147bfb604504799c492f5,Tarra Sairam,,,,,,,,,,,,,,f,t,INSTRUCTOR,TECH,Venkatesh Pitchumani,"{""Training Institute""}",needs_review,,,,,,,f,,,f,tech,,in_training,f,
436,,ad984abdd8a14f91bbd0047699103c61,A.J.Soundarya,,,,,,,,,,,,,,f,t,CENTRAL_INSTRUCTOR,TECH,Naga Venkata Dasaradhi Nunna,"{""Training Institute""}",needs_review,,,,,,,f,,,f,tech,,in_training,f,
442,,199c4ab2ef204b30ac4c3bdee08d891e,VADLAPUDI BHUVAN NAGA SAI,,,,,,,,,,,,,,f,t,INSTRUCTOR,TECH,Venkatesh Pitchumani,"{""Training Institute""}",needs_review,,,,,,,f,,,f,tech,,in_training,f,
449,,8b9f7037e2944b08a18b4d2da77f5db0,Annepu Durga,,,,,,,,,,,,,,f,t,INSTRUCTOR,TECH,Venkatesh Pitchumani,"{""Training Institute""}",needs_review,,,,,,,f,,,f,tech,,in_training,f,
451,,8459005289fd4db8bf6551571e620f90,Sainadhan S,,,,,,,,,,,,,,f,t,CENTRAL_INSTRUCTOR,TECH,Naga Venkata Dasaradhi Nunna,"{""Training Institute""}",needs_review,,,,,,,f,,,f,tech,,in_training,f,
462,,ec2df166915947689a5dcf1e63f9f29f,Supraja K,,,,,,,,,,,,,,f,t,CENTRAL_INSTRUCTOR,TECH,Naga Venkata Dasaradhi Nunna,"{""Training Institute""}",needs_review,,,,,,,f,,,f,tech,,in_training,f,
437,,f8b38d9c30034b3ebc07a7d99a431561,Kudithetti Priyanka,,,,,,,,,,,,,,f,t,CENTRAL_INSTRUCTOR,TECH,Naga Venkata Dasaradhi Nunna,"{""Training Institute""}",needs_review,,,,,,,f,,,f,tech,,in_training,f,
470,,17a5cfb087b34c9a9f76055f5691a030,Srinivas Vatturi,,,,,,,,,,,,,,f,t,INSTRUCTOR,TECH,Venkatesh Pitchumani,"{""Training Institute""}",excluded,,,,,excluded_other_department,"NIAT - Head of Operations (NIAT_Program Operations) — operations management, not a teaching/instructor designation",f,,,f,tech,,in_training,f,
446,,1616f9052bb040ffa94229be50e4fe35,Pradeep,,,,,,,,,,,,,,f,t,INSTRUCTOR,TECH,Venkatesh Pitchumani,"{""Training Institute""}",needs_review,,,,Possible match: Praveen (71% confidence). Review before merging.,,,f,,,f,tech,,in_training,f,
502,,c21be0eee9054b3893bebf342570969a,Sureddy Sasank Reddy,,,,,,,,,,,,,,f,t,INSTRUCTOR,TECH,Venkatesh Pitchumani,"{""Training Institute""}",needs_review,,,,,,,f,,,f,tech,,in_training,f,
488,,10fb91b6ff1d42b0a5f87740ea84d9ce,Rekha,,,,,,,,,,,,,,f,t,CENTRAL_INSTRUCTOR,TECH,Venkatesh Pitchumani,"{""Nxtwave Institute of Advanced Technologies""}",needs_review,,,,,,,f,,,f,tech,,deployed,f,
496,,65ac690c87594323a3996eb8d03ded13,Bandi Jaswanth Reddy,,,,,,,,,,,,,,f,t,CENTRAL_INSTRUCTOR,TECH,Venkatesh Pitchumani,"{""Chaitanya Deemed-to-be University""}",needs_review,,,,,,,f,,,f,tech,,deployed,f,
477,,f4d4caa0f9f44c859d3429add072d109,Suma,,,,,,,,,,,,,,f,t,CENTRAL_INSTRUCTOR,TECH,Venkatesh Pitchumani,"{""Training Institute""}",needs_review,,,,Possible match: Kusuma (67% confidence). Review before merging.,,,f,,,f,tech,,in_training,f,
492,,dc30f429a8844192a80a9f9336a952c5,Disha P S,,,,,,,,,,,,,,f,t,CENTRAL_INSTRUCTOR,TECH,Naga Venkata Dasaradhi Nunna,"{""Training Institute""}",needs_review,,,,,,,f,,,f,tech,,in_training,f,
501,,184e2a4e63a6456d8640d7d5051dacb1,Induja Toorupati,,,,,,,,,,,,,,f,t,INSTRUCTOR,TECH,Venkatesh Pitchumani,"{""Training Institute""}",needs_review,,,,,,,f,,,f,tech,,in_training,f,
494,,16ddd38681ec42f09313df06768fad76,Nagireddy Suresh,,,,,,,,,,,,,,f,t,INSTRUCTOR,TECH,Venkatesh Pitchumani,"{""Training Institute""}",needs_review,,,,,,,f,,,f,tech,,in_training,f,
497,,fef0661728ab4dfdbf557bffda40e584,BURRI GURU MAHESH,,,,,,,,,,,,,,f,t,CENTRAL_INSTRUCTOR,TECH,Naga Venkata Dasaradhi Nunna,"{""Training Institute""}",needs_review,,,,,,,f,,,f,tech,,in_training,f,
508,,4b304d41f4bd4aea8e51559b85a335a2,Sanjay Kumar,,,,,,,,,,,,,,f,t,CENTRAL_INSTRUCTOR,TECH,Naga Venkata Dasaradhi Nunna,"{""Yenapoya University Banglore""}",needs_review,,,,Possible match: Sandeep Kumar (69% confidence). Review before merging.,,,f,,,f,tech,,deployed,f,
540,,e57021affc5840cf8bf14cec7f806048,UPPARA NAVEEN,,,,,,,,,,,,,,f,t,CENTRAL_INSTRUCTOR,TECH,Venkatesh Pitchumani,"{""Aurora University""}",payroll_converted,,,,,payroll_converted,Confirmed against uploaded payroll reference file,f,,,f,tech,,deployed,t,
518,,6a7c8094b1fd483990827c3c49abc927,Chinoori Shireesha,,,,,,,,,,,,,,f,t,CENTRAL_INSTRUCTOR,TECH,Venkatesh Pitchumani,"{""Aurora University""}",payroll_converted,,,,,payroll_converted,Confirmed against uploaded payroll reference file,f,,,f,tech,,deployed,t,
521,,94ea958c63174a5baf7a7de34aa1370f,Butta Keerthana,,,,,,,,,,,,,,f,t,CENTRAL_INSTRUCTOR,TECH,Naga Venkata Dasaradhi Nunna,"{""Training Institute""}",needs_review,,,,,,,f,,,f,tech,,in_training,f,
542,,e167518188bb4ff88d6ed72dbfb2f77f,Rishabh Kumar Pal,,,,,,,,,,,,,,f,t,CENTRAL_INSTRUCTOR,TECH,Naga Venkata Dasaradhi Nunna,"{""Training Institute""}",needs_review,,,,,,,f,,,f,tech,,in_training,f,
511,,295096f22150448f9b43a3cc347a2024,D PAVAN,,,,,,,,,,,,,,f,t,CENTRAL_INSTRUCTOR,TECH,Venkatesh Pitchumani,"{""Aurora University""}",needs_review,,,,,,,f,,,f,tech,,deployed,f,
510,,8878255c89664c1780b7a3f90fc7962e,Lachapet Manish,,,,,,,,,,,,,,f,t,INSTRUCTOR,TECH,Venkatesh Pitchumani,"{""Training Institute""}",needs_review,,,,,,,f,,,f,tech,,in_training,f,
537,,70ffc8f61c9b4e94bef65c29f7d31817,Gorrela Samuel Kiran Babu,,,,,,,,,,,,,,f,t,CENTRAL_INSTRUCTOR,TECH,Venkatesh Pitchumani,"{""Vivekananda global University""}",needs_review,,,,,,,f,,,f,tech,,deployed,f,
545,,a275fbd89c4846f88e37ef0d68e12e08,Gokul Krishnan S,,,,,,,,,,,,,,f,t,CENTRAL_INSTRUCTOR,TECH,Naga Venkata Dasaradhi Nunna,"{""Training Institute""}",needs_review,,,,,,,f,,,f,tech,,in_training,f,
512,,2e8a978f47eb4e22974c5e3c205a70ff,Ankush kumar ramteke,,,,,,,,,,,,,,f,t,CENTRAL_INSTRUCTOR,TECH,Venkatesh Pitchumani,"{""Training Institute""}",needs_review,,,,,,,f,,,f,tech,,in_training,f,
299,,bec960691fb74275b5bcfdc3c77bdfcc,Kushal Kumar Terli,,,,,,,,,,,,,,f,t,CENTRAL_INSTRUCTOR,TECH,Venkatesh Pitchumani,"{""Training Institute""}",needs_review,,,,,,,f,,,f,tech,,in_training,f,
309,,1035f6aa634b4dd3af4929329be371dd,Anusuya,,,,,,,,,,,,,,f,t,CENTRAL_INSTRUCTOR,TECH,Venkatesh Pitchumani,"{""NIAT Chevella""}",needs_review,,,,,,,f,,,f,tech,,deployed,f,
321,,50002427bd2048ceb9248560ed67a647,Sudha Sri Venkata Satya Madhavi,,,,,,,,,,,,,,f,t,CENTRAL_INSTRUCTOR,TECH,Venkatesh Pitchumani,{NRI},needs_review,,,,,,,f,,,f,tech,,deployed,f,
580,,6a514429958a4c8f8362a585fc7a45a1,Poshala Niharika,,,,,,,,,,,,,,f,t,CENTRAL_INSTRUCTOR,TECH,Venkatesh Pitchumani,"{""Training Institute""}",needs_review,,,,Possible match: Kosetti Niharika (69% confidence). Review before merging.,,,f,,,f,tech,,in_training,f,
555,,402cec88991941d7b11f129db4e51700,Vanjari Pothanak Sai Krishna,,,,,,,,,,,,,,f,t,INSTRUCTOR,TECH,Venkatesh Pitchumani,"{""Training Institute""}",needs_review,,,,,,,f,,,f,tech,,in_training,f,
577,,1a73110c1ee54d65a1f400c3c2a2368b,Vaada Pavan Teja Reddy,,,,,,,,,,,,,,f,t,INSTRUCTOR,TECH,Venkatesh Pitchumani,"{""Training Institute""}",needs_review,,,,,,,f,,,f,tech,,in_training,f,
553,,e0a28550caf541b3928e3648c768e2d0,Priyanka E,,,,,,,,,,,,,,f,t,CENTRAL_INSTRUCTOR,TECH,Naga Venkata Dasaradhi Nunna,"{""Training Institute""}",needs_review,,,,Possible match: Priyanka (80% confidence). Review before merging.,,,f,,,f,tech,,in_training,f,
566,,2ef1f9040508492dada5ce2998ff53c1,Zeeshan,,,,,,,,,,,,,,f,t,INSTRUCTOR,TECH,Venkatesh Pitchumani,"{""Training Institute""}",needs_review,,,,,,,f,,,f,tech,,in_training,f,
574,,f047b366f99741a5a1ecf05fef3fbebc,Lingapriya J,,,,,,,,,,,,,,f,t,CENTRAL_INSTRUCTOR,TECH,Naga Venkata Dasaradhi Nunna,"{""Malla Reddy Vishwavidyapeeth""}",needs_review,,,,,,,f,,,f,tech,,deployed,f,
548,,e19cdcaff4d54a838002bc71e92cc52b,Sakshi Shamsundar Wasekar,,,,,,,,,,,,,,f,t,INSTRUCTOR,TECH,Venkatesh Pitchumani,"{""Training Institute""}",needs_review,,,,,,,f,,,f,tech,,in_training,f,
7,NW0007266,t-07,Ishita Bose,ishitabose@edtech.example,,2026-04-22,Instructors,Career Services,Career Coach,,,,,,,Active,t,f,,,,{},active,,2026-08-08,,,,,f,,,f,,,,f,
23,NW0007253,t-23,Sonal Gupta,sonalgupta@edtech.example,,2025-05-18,Instructors,University Programs,Instructor,,,,,,,,f,f,,,,{},needs_review,exited,2026-08-08,,Requires reconciliation,,,f,,,f,,,,f,
47,,a0995ba7315d4b7796d722216d85d67f,Pasika Archana,,,,,,,,,,,,,,f,t,INSTRUCTOR,TECH,Venkatesh Pitchumani,"{""Training Institute""}",needs_review,,,,,,,f,,,f,tech,,in_training,f,
593,,30fa720a1ce9484b96c18abefd348095,Tharun S,,,,,,,,,,,,,,f,t,CENTRAL_INSTRUCTOR,TECH,Naga Venkata Dasaradhi Nunna,{S-VYASA},needs_review,,,,Possible match: Uthara S (63% confidence). Review before merging.,,,f,,,f,tech,,deployed,f,
584,,2b76fc6495b84c39b94db75dbf68bc8b,Shaik sana,,,,,,,,,,,,,,f,t,INSTRUCTOR,TECH,Venkatesh Pitchumani,"{""Training Institute""}",needs_review,,,,Possible match: Shaik Baji (70% confidence). Review before merging.,,,f,,,f,tech,,in_training,f,
595,,552f2c9cee434f18bb274a3b73c0c423,Koustubh Mehta,,,,,,,,,,,,,,f,t,CENTRAL_INSTRUCTOR,TECH,Naga Venkata Dasaradhi Nunna,"{""Subharti University""}",needs_review,,,,,,,f,,,f,tech,,deployed,f,
557,,242060b7f4e54b76b615e74642ffdc9c,Peravarapu Phaneendra,,,,,,,,,,,,,,f,t,CENTRAL_INSTRUCTOR,TECH,Venkatesh Pitchumani,"{""Chaitanya Deemed-to-be University""}",needs_review,,,,,,,f,,,f,tech,,deployed,f,
594,,709e8db60df94370917a1ccf6ad201d3,NITHILA M L,,,,,,,,,,,,,,f,t,CENTRAL_INSTRUCTOR,TECH,Naga Venkata Dasaradhi Nunna,{AMET},needs_review,,,,,,,f,,,f,tech,,deployed,f,
483,,9aa1429d228e42d89fc3c2e41421d87a,Bhukya Srikanth,,,,,,,,,,,,,,f,t,INSTRUCTOR,TECH,Venkatesh Pitchumani,"{""Training Institute""}",needs_review,,,,Possible match: MARASA SRIKANTH (67% confidence). Review before merging.,,,f,,,f,tech,,in_training,f,
607,,e8f3b041dc284ee0b7c04ab17ca6a719,Shalini,,,,,,,,,,,,,,f,t,INSTRUCTOR,TECH,Venkatesh Pitchumani,"{""Training Institute""}",needs_review,,,,,,,f,,,f,tech,,in_training,f,
201,,b726a80420ef4d6c943555110f89e91d,Jetty Bino Mariyan,,,,,,,,,,,,,,f,t,CENTRAL_INSTRUCTOR,TECH,Naga Venkata Dasaradhi Nunna,"{""Training Institute""}",needs_review,,,,,,,f,,,f,tech,,in_training,f,
127,,1120b9c90b1241e8a89d93cd1f2a1cd1,Adithya ram Netturi,,,,,,,,,,,,,,f,t,CENTRAL_INSTRUCTOR,TECH,Venkatesh Pitchumani,"{""Chaitanya Deemed-to-be University""}",needs_review,,,,,,,f,,,f,tech,,deployed,f,
242,,a01fad3ba6964c7e8b108fc628931e2d,Judith,,,,,,,,,,,,,,f,t,CENTRAL_INSTRUCTOR,TECH,Venkatesh Pitchumani,"{""NSRIT University""}",needs_review,,,,,,,f,,,f,tech,,deployed,f,
619,,7c2f88ca7a8e42b394f8e7701a004439,Dr K Naresh,,,,,,,,,,,,,,f,t,CENTRAL_INSTRUCTOR,TECH,Venkatesh Pitchumani,"{""Aurora University""}",payroll_converted,,,,,payroll_converted,"User override — not matched in payroll reference file either; placeholder-style employee id, will likely never resolve against Darwin data",f,,,f,tech,,deployed,f,
317,,e416883d9f1a4e22a75138bacc110112,Debosmita Biswas,,,,,,,,,,,,,,f,t,INSTRUCTOR,TECH,Venkatesh Pitchumani,"{""Training Institute""}",needs_review,,,,,,,f,,,f,tech,,in_training,f,
605,,2f3e3e9ccfa34bf0bb8517fbdec3cbaa,Gorre Pavan Kumar,,,,,,,,,,,,,,f,t,CENTRAL_INSTRUCTOR,TECH,Naga Venkata Dasaradhi Nunna,"{""Training Institute""}",needs_review,,,,Possible match: Yadala Pavan Kumar (67% confidence). Review before merging.,,,f,,,f,tech,,in_training,f,
203,,1eafa1a2ab84439aa5f4e41e35dd53b4,Hussain Sharif,,,,,,,,,,,,,,f,t,CENTRAL_INSTRUCTOR,TECH,Venkatesh Pitchumani,"{""Malla Reddy Vishwavidyapeeth""}",needs_review,,,,,,,f,,,f,tech,,deployed,f,
614,,dd774d3c2c6d4465bb211b919362e943,Gaddamedi Nichitha reddy,,,,,,,,,,,,,,f,t,CENTRAL_INSTRUCTOR,TECH,Venkatesh Pitchumani,"{""Intensive Offline DC""}",needs_review,,,,,,,f,,,f,tech,,deployed,f,
620,,3788003076fd4334ac2e87d5362438b5,Uday Kiran Palepu,,,,,,,,,,,,,,f,t,INSTRUCTOR,TECH,Sireesha,"{""Intensive Offline DC""}",excluded,,,,,excluded_other_department,"Center Head (Student Success) — center management role, not a teaching/instructor designation",f,,,f,tech,,deployed,f,
11,NW0007270,t-11,Megha Kapoor,meghakapoor@edtech.example,,2025-11-12,Instructors,Career Services,Career Coach,,,,,,,Active,t,f,,,,{},active,,2026-08-08,,,,,f,,,f,,,,f,
259,,e13a828ca9614cc9bf30cc2e4fa98d34,Matam sumana,,,,,,,,,,,,,,f,t,INSTRUCTOR,TECH,Venkatesh Pitchumani,"{""Training Institute""}",needs_review,,,,,,,f,,,f,tech,,in_training,f,
48,,d934bb9c6935472a839f710a50888ed0,Shylaja M,,,,,,,,,,,,,,f,t,CENTRAL_INSTRUCTOR,TECH,Venkatesh Pitchumani,"{""Yenapoya University Banglore""}",payroll_converted,,,,,payroll_converted,Confirmed against uploaded payroll reference file,f,,,f,tech,,deployed,t,
17,,ef2777d00ed8445ca83a8cd25f4fa69c,JyotirmayeeSahoo,jyotirmayeesahoo@edtech.example,,,Instructors,University Programs,Instructor,,,,,,,,f,t,CENTRAL_INSTRUCTOR,TECH,Venkatesh Pitchumani,"{""Chaitanya Deemed-to-be University""}",needs_review,,,,,,,f,,,f,tech,,deployed,f,
51,,3e6e6149609a460294aa2ac225dee224,Cheekati Veena,,,,,,,,,,,,,,f,t,INSTRUCTOR,TECH,Venkatesh Pitchumani,"{""Training Institute""}",needs_review,,,,,,,f,,,f,tech,,in_training,f,
25,,9ee01ed5a2ec435484c2475a55da564e,Korivi Rakshitha,,,,,,,,,,,,,,f,t,CENTRAL_INSTRUCTOR,TECH,Venkatesh Pitchumani,"{""Training Institute""}",needs_review,,,,,,,f,,,f,tech,,in_training,f,
46,,139d8cfabcb747ef850d0b627d7fc879,Janhvi Hingorani,,,,,,,,,,,,,,f,t,CENTRAL_INSTRUCTOR,TECH,Venkatesh Pitchumani,"{""A Dy Patil University""}",needs_review,,,,,,,f,,,f,tech,,deployed,f,
31,,5c6e0ac0f17148369df5230a8321fe93,SRINIVAS KATHERAPAKA,,,,,,,,,,,,,,f,t,INSTRUCTOR,TECH,Venkatesh Pitchumani,"{""Training Institute""}",needs_review,,,,,,,f,,,f,tech,,in_training,f,
28,,09464a57cf5940af8910b1cd0a950fae,Akshaya C K,,,,,,,,,,,,,,f,t,CENTRAL_INSTRUCTOR,TECH,Naga Venkata Dasaradhi Nunna,"{""SMR University""}",needs_review,,,,,,,f,,,f,tech,,deployed,f,
6,NW0007265,t-06,Vikram Nair,vikramnair@edtech.example,,2026-05-22,Instructors,Academic Delivery,Instructor,,,,,,,Active,t,f,,,,{},active,,2026-08-08,,,,,f,,,f,,,,f,
60,,e90cab3f95564b90bf23cc92d6f29fd6,Aryan Vashishtha,,,,,,,,,,,,,,f,t,CENTRAL_INSTRUCTOR,TECH,Naga Venkata Dasaradhi Nunna,"{""Vivekananda global University""}",needs_review,,,,,,,f,,,f,tech,,deployed,f,
178,,28633963e381408bb419c3828551889f,Marella Nandish,,,,,,,,,,,,,,f,t,CENTRAL_INSTRUCTOR,TECH,Venkatesh Pitchumani,"{""Malla Reddy Vishwavidyapeeth""}",needs_review,,,,,,,f,,,f,tech,,deployed,f,
168,,524fbcecaab54db189b0f6bf03c2a092,SADU CHARISHMA,,,,,,,,,,,,,,f,t,CENTRAL_INSTRUCTOR,TECH,Naga Venkata Dasaradhi Nunna,"{""Yenapoya University Banglore""}",needs_review,,,,,,,f,,,f,tech,,deployed,f,
272,,e9ff37b56ca44ef7870f729b72e9ae62,Veera Venkata Suryanarayana Rasapothula,,,,,,,,,,,,,,f,t,INSTRUCTOR,TECH,Venkatesh Pitchumani,"{""Training Institute""}",needs_review,,,,,,,f,,,f,tech,,in_training,f,
302,,2bd4887dcd09493d89c9085f5736bda0,U Bhavana,,,,,,,,,,,,,,f,t,CENTRAL_INSTRUCTOR,TECH,Naga Venkata Dasaradhi Nunna,"{""Training Institute""}",needs_review,,,,,,,f,,,f,tech,,in_training,f,
236,,305cf349b4a54ab9921edf5d8f7b68e3,Jammu Jyotsna Sai Tejaswini,,,,,,,,,,,,,,f,t,CENTRAL_INSTRUCTOR,TECH,Venkatesh Pitchumani,"{""Chaitanya Deemed-to-be University""}",needs_review,,,,,,,f,,,f,tech,,deployed,f,
350,,3da7519786964315b27c662197baf702,Sudharshanan G,,,,,,,,,,,,,,f,t,CENTRAL_INSTRUCTOR,TECH,Naga Venkata Dasaradhi Nunna,"{""Sanjay Ghodawat University""}",needs_review,,,,,,,f,,,f,tech,,deployed,f,
323,,929eb21902cc4b84b58d4c9e6807c4bd,venkat raghavan,,,,,,,,,,,,,,f,t,CENTRAL_INSTRUCTOR,TECH,Venkatesh Pitchumani,"{""Nxtwave Institute of Advanced Technologies""}",needs_review,,,,Possible match: Venkatraghavan M (81% confidence). Review before merging.,,,f,,,f,tech,,deployed,f,
171,,66c02d21b1f0453ba9c6a13311dabf48,Nadella Kusal,,,,,,,,,,,,,,f,t,INSTRUCTOR,TECH,Venkatesh Pitchumani,"{""Yenapoya University""}",needs_review,,,,,,,f,,,f,tech,,deployed,f,
32,,fefd6eb7066441c6841c82a5d8ca667a,varshini,,,,,,,,,,,,,,f,t,CENTRAL_INSTRUCTOR,TECH,Venkatesh Pitchumani,"{""Training Institute""}",payroll_converted,,,,,payroll_converted,"Confirmed against uploaded payroll reference file (2026-08-29 upload, 61 entries)",f,,,f,tech,,in_training,t,
1,NW0007260,t-01,Aditi Menon,aditimenon@edtech.example,,2026-08-17,Instructors,Academic Delivery,Senior Instructor,,,,,,,Active,t,f,,,,{},active,,2026-08-08,,,,,f,,,f,,,,f,
39,,e62fdfb8d225441fbea1ca6dfdf3513a,K Srujan,,,,,,,,,,,,,,f,t,INSTRUCTOR,TECH,Venkatesh Pitchumani,"{""SMR University""}",needs_review,,,,,,,f,,,f,tech,,deployed,f,
30,,22fd3c727237447588f68c0ade37f607,Gouthami Jukanti,,,,,,,,,,,,,,f,t,CENTRAL_INSTRUCTOR,TECH,Venkatesh Pitchumani,"{""Training Institute""}",needs_review,,,,,,,f,,,f,tech,,in_training,f,
29,,489fbbb79aa94ce795dfb369943c7cdd,Punnam Venkatesh,,,,,,,,,,,,,,f,t,CENTRAL_INSTRUCTOR,TECH,Venkatesh Pitchumani,"{""Malla Reddy University""}",needs_review,,,,,,,f,,,f,tech,,deployed,f,
41,,4d77e47c1b3b48ee86519562aa0fa471,Shaik Baji,,,,,,,,,,,,,,f,t,CENTRAL_INSTRUCTOR,TECH,Venkatesh Pitchumani,{NRI},needs_review,,,,,,,f,,,f,tech,,deployed,f,
35,,0206fca69d71425b9242d9dd8b7a7ec3,Sai Ganesh Pinnam,,,,,,,,,,,,,,f,t,CENTRAL_INSTRUCTOR,TECH,Venkatesh Pitchumani,"{""Training Institute""}",needs_review,,,,,,,f,,,f,tech,,in_training,f,
52,,488b229540d849f4b6442ddf471746b8,Dharani Modugumudi,,,,,,,,,,,,,,f,t,CENTRAL_INSTRUCTOR,TECH,Naga Venkata Dasaradhi Nunna,"{""Training Institute""}",needs_review,,,,,,,f,,,f,tech,,in_training,f,
54,,af57eeced714449cbd55432f999bc914,Vaishali Vyankatrao Fulare,,,,,,,,,,,,,,f,t,CENTRAL_INSTRUCTOR,TECH,Venkatesh Pitchumani,"{""Sandip University""}",needs_review,,,,,,,f,,,f,tech,,deployed,f,
37,,419291a3d1784a5484080e6e7ced2be3,POTHAMSETTY NEERAJ KUMAR,,,,,,,,,,,,,,f,t,CENTRAL_INSTRUCTOR,TECH,Naga Venkata Dasaradhi Nunna,"{""Training Institute""}",needs_review,,,,,,,f,,,f,tech,,in_training,f,
24,NW0007254,t-24,Devansh Mehta,devanshmehta@edtech.example,,2024-11-22,Instructors,Academic Delivery,Lead Instructor,,,,,,,Active,t,f,,,,{},active,,2026-08-08,,,,,f,,,f,,,,f,
89,,27ceb5490c4a4e14b799aaf101c756ff,Partha Sarathi Pradhan,,,,,,,,,,,,,,f,t,CENTRAL_INSTRUCTOR,TECH,Venkatesh Pitchumani,"{""Aurora University""}",needs_review,,,,,,,f,,,f,tech,,deployed,f,
95,,fec525e9be6a480db0f6aa0971dd15be,Srijita Dutta,,,,,,,,,,,,,,f,t,INSTRUCTOR,TECH,Venkatesh Pitchumani,"{""Alard University""}",needs_review,,,,,,,f,,,f,tech,,deployed,f,
160,,01dfcbbeeaa3492db18398728fea0074,Arundathi Krishna,,,,,,,,,,,,,,f,t,CENTRAL_INSTRUCTOR,TECH,Venkatesh Pitchumani,"{""Aurora University""}",needs_review,,,,,,,f,,,f,tech,,deployed,f,
271,,34f279cd2df54cdb8e45be25ec3060cf,Balu D,,,,,,,,,,,,,,f,t,INSTRUCTOR,TECH,Venkatesh Pitchumani,"{""Training Institute""}",needs_review,,,,,,,f,,,f,tech,,in_training,f,
193,,529db5d0cab64668b952a704ee0a9c8d,Ganapa Vyshnavi,,,,,,,,,,,,,,f,t,CENTRAL_INSTRUCTOR,TECH,Naga Venkata Dasaradhi Nunna,"{""Training Institute""}",needs_review,,,,,,,f,,,f,tech,,in_training,f,
56,,279d8a772e3241eaa59e65edf929a495,MERUGU DHANAVEERA KOTESWAR,,,,,,,,,,,,,,f,t,INSTRUCTOR,TECH,Naga Venkata Dasaradhi Nunna,"{""Training Institute""}",needs_review,,,,,,,f,,,f,tech,,in_training,f,
64,,03e81d9f14ad4448885d4a0cb6deccc7,S Abhishek,,,,,,,,,,,,,,f,t,CENTRAL_INSTRUCTOR,TECH,Naga Venkata Dasaradhi Nunna,"{""A Dy Patil University""}",needs_review,,,,,,,f,,,f,tech,,deployed,f,
67,,d90c5a8ab72a4afc837c40aa5b73ba02,Varun Kaarthikeyan S J,,,,,,,,,,,,,,f,t,CENTRAL_INSTRUCTOR,TECH,Naga Venkata Dasaradhi Nunna,"{""Training Institute""}",needs_review,,,,,,,f,,,f,tech,,in_training,f,
87,,dc612da7245143ff8ca4c438b19e9145,pasupula venkata sri chaitanya,,,,,,,,,,,,,,f,t,CENTRAL_INSTRUCTOR,TECH,Naga Venkata Dasaradhi Nunna,"{""Training Institute""}",needs_review,,,,,,,f,,,f,tech,,in_training,f,
58,,fd832baedd3c4c07b9deaa2e739b9a4d,Thathapudi Emily Suvika Paul,,,,,,,,,,,,,,f,t,CENTRAL_INSTRUCTOR,TECH,Venkatesh Pitchumani,"{""Malla Reddy University""}",needs_review,,,,,,,f,,,f,tech,,deployed,f,
36,,dc60ec438463486d88bf4ba0f401bcd0,Chaitali Charandas Daware,,,,,,,,,,,,,,f,t,INSTRUCTOR,TECH,Venkatesh Pitchumani,"{""Training Institute""}",needs_review,,,,,,,f,,,f,tech,,in_training,f,
167,,c5f4a4d96a034655b81f09c611932b0b,Tamkheen,,,,,,,,,,,,,,f,t,CENTRAL_INSTRUCTOR,TECH,Venkatesh Pitchumani,"{""Nxtwave Institute of Advanced Technologies""}",needs_review,,,,,,,f,,,f,tech,,deployed,f,
181,,e85e5f5d3808403cac19e6731db9e49f,Nithissh,,,,,,,,,,,,,,f,t,INSTRUCTOR,TECH,Venkatesh Pitchumani,{AMET},needs_review,,,,,,,f,,,f,tech,,deployed,f,
82,,c25420f106c147be8a1e569a04a0e7ec,CHANAMALLU KAUSHIK RAJ,,,,,,,,,,,,,,f,t,CENTRAL_INSTRUCTOR,TECH,Naga Venkata Dasaradhi Nunna,"{""Training Institute""}",needs_review,,,,,,,f,,,f,tech,,in_training,f,
175,,5db5cca76b94408e8443793136b69843,Komirisetty Polaiah,,,,,,,,,,,,,,f,t,INSTRUCTOR,TECH,Venkatesh Pitchumani,"{""Training Institute""}",needs_review,,,,,,,f,,,f,tech,,in_training,f,
213,,b26c5c2e0cdd4b699b9654993156f943,Sigatapu Sai Sankar,,,,,,,,,,,,,,f,t,INSTRUCTOR,TECH,Venkatesh Pitchumani,"{""Training Institute""}",needs_review,,,,,,,f,,,f,tech,,in_training,f,
270,,035d16e67eec45bba28567fe6534e837,Sai Kumar Pentala,,,,,,,,,,,,,,f,t,CENTRAL_INSTRUCTOR,TECH,Venkatesh Pitchumani,"{""Training Institute""}",needs_review,,,,,,,f,,,f,tech,,in_training,f,
269,,7058b03b89f741758c79857e03276bdf,Kunapareddy Sai Vinay Shyam Rajith,,,,,,,,,,,,,,f,t,INSTRUCTOR,TECH,Venkatesh Pitchumani,"{""Training Institute""}",needs_review,,,,,,,f,,,f,tech,,in_training,f,
284,,b6781371e0864d23aeb37c1c2d6c888a,Amalraj M P,,,,,,,,,,,,,,f,t,INSTRUCTOR,TECH,Venkatesh Pitchumani,"{""Training Institute""}",needs_review,,,,,,,f,,,f,tech,,in_training,f,
367,,b9679d8370e34ea5808822ba4f952be7,Abhina K P,,,,,,,,,,,,,,f,t,INSTRUCTOR,TECH,Venkatesh Pitchumani,"{""Takshasila University""}",needs_review,,,,,,,f,,,f,tech,,deployed,f,
445,,1914c0a9df1b4b3f82e8808f5c2bd2f6,Mayank Pareek,,,,,,,,,,,,,,f,t,CENTRAL_INSTRUCTOR,TECH,Venkatesh Pitchumani,"{""Vivekananda global University""}",needs_review,,,,,,,f,,,f,tech,,deployed,f,
343,,5d0809df033844f29a73766b78f61d08,Lakkimsetty Sai Tarun,,,,,,,,,,,,,,f,t,INSTRUCTOR,TECH,Venkatesh Pitchumani,"{""Training Institute""}",needs_review,,,,,,,f,,,f,tech,,in_training,f,
404,,e29f347f57d945909b430f3b9f982740,Akhil,,,,,,,,,,,,,,f,t,INSTRUCTOR,TECH,Venkatesh Pitchumani,"{""Training Institute""}",needs_review,,,,,,,f,,,f,tech,,in_training,f,
346,,27e2e0713e464c9396c47b4a80f29874,Pashupati Nath Mishra,,,,,,,,,,,,,,f,t,CENTRAL_INSTRUCTOR,TECH,Venkatesh Pitchumani,"{""Noida International University""}",needs_review,,,,,,,f,,,f,tech,,deployed,f,
536,,0fbf3856b9cd474fa1cb24455fe9ed5c,Supriya T C,,,,,,,,,,,,,,f,t,CENTRAL_INSTRUCTOR,TECH,Naga Venkata Dasaradhi Nunna,"{""Training Institute""}",needs_review,,,,,,,f,,,f,tech,,in_training,f,
556,,13c0157755454d0d9abb1d3ba828370e,David Gollamudi,,,,,,,,,,,,,,f,t,CENTRAL_INSTRUCTOR,TECH,Venkatesh Pitchumani,"{""Training Institute""}",needs_review,,,,,,,f,,,f,tech,,in_training,f,
90,,2938ac428639489d8d73689fcd9b38f7,Mortha Rajesh,,,,,,,,,,,,,,f,t,CENTRAL_INSTRUCTOR,TECH,Venkatesh Pitchumani,"{""NSRIT University""}",payroll_converted,,,,,payroll_converted,Confirmed against uploaded payroll reference file,f,,,f,tech,,deployed,t,
71,,7ec636f5cee845e6a97271b3767b81fe,Sandeep Patro,,,,,,,,,,,,,,f,t,CENTRAL_INSTRUCTOR,TECH,Naga Venkata Dasaradhi Nunna,"{""Aurora University""}",needs_review,,,,,,,f,,,f,tech,,deployed,f,
81,,b2eb43aa06324cb88f9ced00e86fc52b,Thota Anjali Sri,,,,,,,,,,,,,,f,t,CENTRAL_INSTRUCTOR,TECH,Naga Venkata Dasaradhi Nunna,"{""Malla Reddy Vishwavidyapeeth""}",needs_review,,,,,,,f,,,f,tech,,deployed,f,
59,,a0427c28f6d1481cbf7149efadca096c,GellaJanakipriya,,,,,,,,,,,,,,f,t,CENTRAL_INSTRUCTOR,TECH,Naga Venkata Dasaradhi Nunna,"{""Training Institute""}",needs_review,,,,,,,f,,,f,tech,,in_training,f,
68,,a1ca003c9d9945e7a51dedae90b500a4,Sneha Tripathi,,,,,,,,,,,,,,f,t,CENTRAL_INSTRUCTOR,TECH,Naga Venkata Dasaradhi Nunna,"{""Training Institute""}",needs_review,,,,,,,f,,,f,tech,,in_training,f,
83,,73c16a4e19e6482d8e87d74bcc00f67c,Deva R,,,,,,,,,,,,,,f,t,CENTRAL_INSTRUCTOR,TECH,Naga Venkata Dasaradhi Nunna,"{""Annamacharya University""}",needs_review,,,,,,,f,,,f,tech,,deployed,f,
43,,2170457f0b06414e8890e41ed4d754d0,Koilapu Mahesh Babu,,,,,,,,,,,,,,f,t,CENTRAL_INSTRUCTOR,TECH,Venkatesh Pitchumani,"{""Training Institute""}",needs_review,,,,,,,f,,,f,tech,,in_training,f,
102,,6977f7b734c04351b2717e0859b3c763,Devnath Sharma,,,,,,,,,,,,,,f,t,CENTRAL_INSTRUCTOR,TECH,Venkatesh Pitchumani,"{""Training Institute""}",needs_review,,,,,,,f,,,f,tech,,in_training,f,
77,,35ddde1735334341b5ca23ebfb6f916c,Manish Singh,,,,,,,,,,,,,,f,t,CENTRAL_INSTRUCTOR,TECH,Naga Venkata Dasaradhi Nunna,"{""Vivekananda global University""}",needs_review,,,,Possible match: Kabir Singh (67% confidence). Review before merging.,,,f,,,f,tech,,deployed,f,
189,,595e020711064113abfb1091a5e78759,Vinay Kalva,,,,,,,,,,,,,,f,t,INSTRUCTOR,TECH,Venkatesh Pitchumani,"{""Training Institute""}",needs_review,,,,,,,f,,,f,tech,,in_training,f,
108,,ae37cf174d7b480f850b5667680f0245,Siddu,,,,,,,,,,,,,,f,t,CENTRAL_INSTRUCTOR,TECH,Venkatesh Pitchumani,"{""Malla Reddy Vishwavidyapeeth""}",needs_review,,,,,,,f,,,f,tech,,deployed,f,
206,,789e742ed26a44ca8661fc2ca6d18f92,Indiramoorthi,,,,,,,,,,,,,,f,t,CENTRAL_INSTRUCTOR,TECH,Venkatesh Pitchumani,"{""Takshasila University""}",needs_review,,,,,,,f,,,f,tech,,deployed,f,
228,,4fb3d96862144d73a6e5b86ccbe323cb,Sohel Shaik,,,,,,,,,,,,,,f,t,CENTRAL_INSTRUCTOR,TECH,Naga Venkata Dasaradhi Nunna,"{""Sanjay Ghodawat University""}",needs_review,,,,,,,f,,,f,tech,,deployed,f,
66,,f425af9c90d747b8bcd9260709f9acdb,Vunnam Indira,,,,,,,,,,,,,,f,t,CENTRAL_INSTRUCTOR,TECH,Naga Venkata Dasaradhi Nunna,"{""Training Institute""}",needs_review,,,,,,,f,,,f,tech,,in_training,f,
124,,36574ce0a8044b2ab0d0e4fc034fe4d5,Kudupudi Sai Kiran,,,,,,,,,,,,,,f,t,INSTRUCTOR,TECH,Venkatesh Pitchumani,"{""Training Institute""}",needs_review,,,,,,,f,,,f,tech,,in_training,f,
198,,acbaa8687ad44474b7ca33d022b6fb74,Gayatri,,,,,,,,,,,,,,f,t,CENTRAL_INSTRUCTOR,TECH,Venkatesh Pitchumani,{NRI},needs_review,,,,,,,f,,,f,tech,,deployed,f,
111,,a46b1e5340c34c7bacca00358218989a,Prince Kumar Deo,,,,,,,,,,,,,,f,t,CENTRAL_INSTRUCTOR,TECH,Venkatesh Pitchumani,"{""Vivekananda global University""}",needs_review,,,,,,,f,,,f,tech,,deployed,f,
50,,605b2b18b24a4ec3be870df3e61bd2c3,M. Tejaswini,,,,,,,,,,,,,,f,t,CENTRAL_INSTRUCTOR,TECH,Naga Venkata Dasaradhi Nunna,"{""Training Institute""}",needs_review,,,,,,,f,,,f,tech,,in_training,f,
157,,74cd90ff28344311bdb1dbb2c84051c9,Boya Yugandhar,,,,,,,,,,,,,,f,t,INSTRUCTOR,TECH,Venkatesh Pitchumani,"{""Chaitanya Deemed-to-be University""}",needs_review,,,,,,,f,,,f,tech,,deployed,f,
222,,aa3c15f17f6a4ceab329fd976678d3c0,Vakiti Siddhartha,,,,,,,,,,,,,,f,t,INSTRUCTOR,TECH,Venkatesh Pitchumani,"{""Training Institute""}",needs_review,,,,,,,f,,,f,tech,,in_training,f,
197,,a5e5ce80ad484b268af2d07832cce8a1,Kaviyarasu M,,,,,,,,,,,,,,f,t,CENTRAL_INSTRUCTOR,TECH,Venkatesh Pitchumani,"{""Aurora University""}",needs_review,,,,,,,f,,,f,tech,,deployed,f,
253,,43da0df5742d43b8a65d7bcaac8ef1f5,Saurabh Srivastava,,,,,,,,,,,,,,f,t,CENTRAL_INSTRUCTOR,TECH,Venkatesh Pitchumani,"{""Subharti University""}",needs_review,,,,,,,f,,,f,tech,,deployed,f,
338,,b65c10564c144062b1025601aec6046d,Bommu Chakravarthi,,,,,,,,,,,,,,f,t,CENTRAL_INSTRUCTOR,TECH,Venkatesh Pitchumani,"{""Chalapathy (CITY)""}",needs_review,,,,,,,f,,,f,tech,,deployed,f,
250,,2c201c72025a485db846ce2a028efc05,Challa Pavan,,,,,,,,,,,,,,f,t,INSTRUCTOR,TECH,Venkatesh Pitchumani,"{""Training Institute""}",needs_review,,,,,,,f,,,f,tech,,in_training,f,
374,,e9727d2b157c48b7a5a7ddf2aa0e61bb,Biradar Maheshwari,,,,,,,,,,,,,,f,t,CENTRAL_INSTRUCTOR,TECH,Naga Venkata Dasaradhi Nunna,"{""Training Institute""}",needs_review,,,,Possible match: Pranav Maheshwari (78% confidence). Review before merging.,,,f,,,f,tech,,in_training,f,
428,,77221e7ccc2c43a8aea39fdd4b03434e,Pranjul Singh,,,,,,,,,,,,,,f,t,CENTRAL_INSTRUCTOR,TECH,Venkatesh Pitchumani,"{""Training Institute""}",needs_review,,,,Possible match: Manjot Singh (69% confidence). Review before merging.,,,f,,,f,tech,,in_training,f,
474,,4e9ba65e7e294bf9a0909d06e08d0965,Tarak Sai Kakaraparthi,,,,,,,,,,,,,,f,t,CENTRAL_INSTRUCTOR,TECH,Naga Venkata Dasaradhi Nunna,{NRI},needs_review,,,,,,,f,,,f,tech,,deployed,f,
347,,26dd50ff4f5843e484b5d2abd7934561,Kona Harish Kumar,,,,,,,,,,,,,,f,t,INSTRUCTOR,TECH,Venkatesh Pitchumani,"{""Training Institute""}",needs_review,,,,,,,f,,,f,tech,,in_training,f,
500,,cc4930874c074b3093d051d5311a9bbc,Saba Parveen,,,,,,,,,,,,,,f,t,INSTRUCTOR,TECH,Venkatesh Pitchumani,"{""Training Institute""}",needs_review,,,,,,,f,,,f,tech,,in_training,f,
78,,7882b4995fdc498896718d489eab1600,Aruri Akhila,,,,,,,,,,,,,,f,t,CENTRAL_INSTRUCTOR,TECH,Naga Venkata Dasaradhi Nunna,"{""Nxtwave Institute of Advanced Technologies""}",needs_review,,,,,,,f,,,f,tech,,deployed,f,
69,,d569f5bddbb042649084dcb7cc4309b5,Shiwali,,,,,,,,,,,,,,f,t,CENTRAL_INSTRUCTOR,TECH,Naga Venkata Dasaradhi Nunna,"{""Training Institute""}",needs_review,,,,,,,f,,,f,tech,,in_training,f,
88,,78511e62463d4e32b4d1d0792638a3be,Maheswaran,,,,,,,,,,,,,,f,t,INSTRUCTOR,TECH,Venkatesh Pitchumani,{AMET},needs_review,,,,,,,f,,,f,tech,,deployed,f,
115,,4ec02deea5fb4e8f87f5fb9ff1186bda,Attar Asif,,,,,,,,,,,,,,f,t,CENTRAL_INSTRUCTOR,TECH,Venkatesh Pitchumani,"{""Chaitanya Deemed-to-be University""}",needs_review,,,,,,,f,,,f,tech,,deployed,f,
123,,48b5180431134db992ec5925170b8918,O K Sree Vardhan,,,,,,,,,,,,,,f,t,CENTRAL_INSTRUCTOR,TECH,Venkatesh Pitchumani,"{""Chaitanya Deemed-to-be University""}",needs_review,,,,,,,f,,,f,tech,,deployed,f,
121,,776755cf64414845b1cf4f0d07a0d78f,Dhakar Girish,,,,,,,,,,,,,,f,t,INSTRUCTOR,TECH,Venkatesh Pitchumani,"{""Vivekananda global University""}",needs_review,,,,,,,f,,,f,tech,,deployed,f,
109,,2c10166b8d6a499882361a6239e853fe,Anurag Omprakash Fulare,,,,,,,,,,,,,,f,t,CENTRAL_INSTRUCTOR,TECH,Venkatesh Pitchumani,"{""Sanjay Ghodawat University""}",needs_review,,,,,,,f,,,f,tech,,deployed,f,
117,,95dbcb2a23c44c8abfb5e64bbf682435,Shujad abdulla,,,,,,,,,,,,,,f,t,CENTRAL_INSTRUCTOR,TECH,Venkatesh Pitchumani,"{""Chaitanya Deemed-to-be University""}",needs_review,,,,,,,f,,,f,tech,,deployed,f,
53,,375cd3f668ca4918b26ab9e0eccd825a,konka Sasikala,,,,,,,,,,,,,,f,t,INSTRUCTOR,TECH,Venkatesh Pitchumani,"{""Training Institute""}",needs_review,,,,,,,f,,,f,tech,,in_training,f,
57,,c76e97d5d8b9495f8229f279fd9f06e6,BHUVAN NAGA SAI VADLAPUDI,,,,,,,,,,,,,,f,t,INSTRUCTOR,TECH,Venkatesh Pitchumani,"{""Training Institute""}",needs_review,,,,,,,f,,,f,tech,,in_training,f,
126,,07c7a2fa3f9643988a26700e13df8f16,Nihal pandey,,,,,,,,,,,,,,f,t,CENTRAL_INSTRUCTOR,TECH,Venkatesh Pitchumani,"{""Nxtwave Institute of Advanced Technologies""}",needs_review,,,,,,,f,,,f,tech,,deployed,f,
140,,ad4c24daad3f4dbfac14e09da00563ec,Saritha B,,,,,,,,,,,,,,f,t,INSTRUCTOR,TECH,Venkatesh Pitchumani,"{""Training Institute""}",needs_review,,,,,,,f,,,f,tech,,in_training,f,
249,,fb0a19f6ec7742aa84932ec72b220e67,Sriramula Mahalaxmi,,,,,,,,,,,,,,f,t,INSTRUCTOR,TECH,Venkatesh Pitchumani,"{""Training Institute""}",needs_review,,,,,,,f,,,f,tech,,in_training,f,
289,,92967cc3bb4b4d719386061cc7675a5b,Vidya Sagar Rathor,,,,,,,,,,,,,,f,t,INSTRUCTOR,TECH,Venkatesh Pitchumani,"{""Yenapoya University""}",needs_review,,,,,,,f,,,f,tech,,deployed,f,
438,,3c4be18fa2134eb7b4191330053824f8,DUDEKULA MUTHUJAVALI,,,,,,,,,,,,,,f,t,INSTRUCTOR,TECH,Naga Venkata Dasaradhi Nunna,"{""Annamacharya University""}",needs_review,,,,,,,f,,,f,tech,,deployed,f,
339,,bf715d0206a5441a9c086582805aaa20,Nallana Raghavendra,,,,,,,,,,,,,,f,t,CENTRAL_INSTRUCTOR,TECH,Venkatesh Pitchumani,"{""Chaitanya Deemed-to-be University""}",needs_review,,,,Possible match: Kummari Raghavendra (68% confidence). Review before merging.,,,f,,,f,tech,,deployed,f,
325,,2313c55ba2e34c2dae74d17f9725ab6a,Vallepu Surya Kiran,,,,,,,,,,,,,,f,t,CENTRAL_INSTRUCTOR,TECH,Naga Venkata Dasaradhi Nunna,"{""Aurora University""}",needs_review,,,,,,,f,,,f,tech,,deployed,f,
377,,efa927e96cac404ba72dd3992376b3bc,Aastha Saurabh,,,,,,,,,,,,,,f,t,INSTRUCTOR,TECH,Venkatesh Pitchumani,"{""Training Institute""}",needs_review,,,,,,,f,,,f,tech,,in_training,f,
534,,bd38825cf38943c790945a2533610d62,Priyanka,,,,,,,,,,,,,,f,t,CENTRAL_INSTRUCTOR,TECH,Venkatesh Pitchumani,{S-VYASA},needs_review,,,,,,,f,,,f,tech,,deployed,f,
572,,bac022f750ee421b85513a14838f1c5c,Deepak,,,,,,,,,,,,,,f,t,INSTRUCTOR,TECH,Venkatesh Pitchumani,"{""Training Institute""}",needs_review,,,,Possible match: Deepak R (75% confidence). Review before merging.,,,f,,,f,tech,,in_training,f,
581,,4db0770dd10d4f97aaf131a3837633d9,Para Hemanth,,,,,,,,,,,,,,f,t,CENTRAL_INSTRUCTOR,TECH,Naga Venkata Dasaradhi Nunna,"{""Aurora University""}",needs_review,,,,,,,f,,,f,tech,,deployed,f,
378,,c21f9b0125e64b50967e6e95b88f46b2,Uthara S,,,,,,,,,,,,,,f,t,CENTRAL_INSTRUCTOR,TECH,Venkatesh Pitchumani,"{""Yenapoya University""}",payroll_converted,,,,,payroll_converted,Confirmed against uploaded payroll reference file,f,,,f,tech,,deployed,f,
132,,441d191a1d154446abe2afd916257e68,Anusha Poturi,,,,,,,,,,,,,,f,t,CENTRAL_INSTRUCTOR,TECH,Venkatesh Pitchumani,"{""Aurora University""}",payroll_converted,,,,,payroll_converted,Confirmed against uploaded payroll reference file,f,,,f,tech,,deployed,t,
118,,2745b0b16e274bc09c680a47cae2720e,Devi pravallika,,,,,,,,,,,,,,f,t,CENTRAL_INSTRUCTOR,TECH,Naga Venkata Dasaradhi Nunna,"{""Joy University""}",needs_review,,,,,,,f,,,f,tech,,deployed,f,
101,,72ace012633f41b39089249bc10f3e65,M Vijay,,,,,,,,,,,,,,f,t,CENTRAL_INSTRUCTOR,TECH,Venkatesh Pitchumani,"{""Malla Reddy University""}",needs_review,,,,,,,f,,,f,tech,,deployed,f,
99,,0e64eaec50e84a1c88a4bce7c6946962,Siva ganesh Kamepalli,,,,,,,,,,,,,,f,t,INSTRUCTOR,TECH,Venkatesh Pitchumani,"{""Training Institute""}",needs_review,,,,,,,f,,,f,tech,,in_training,f,
110,,8a2ba3ea26184ad8aff8f1c1962be3a2,Shaik Abbas,,,,,,,,,,,,,,f,t,INSTRUCTOR,TECH,Venkatesh Pitchumani,"{""Malla Reddy University""}",needs_review,,,,Possible match: Shaik Baji (64% confidence). Review before merging.,,,f,,,f,tech,,deployed,f,
129,,b2238e12b7bc40e1846a7c7b57a99e3b,Surakasi Deepak,,,,,,,,,,,,,,f,t,CENTRAL_INSTRUCTOR,TECH,Naga Venkata Dasaradhi Nunna,"{""Training Institute""}",needs_review,,,,,,,f,,,f,tech,,in_training,f,
114,,0a8a4606a8d848df8a5caa059ca22bdf,Praveen Kumar,,,,,,,,,,,,,,f,t,CENTRAL_INSTRUCTOR,TECH,Venkatesh Pitchumani,"{""Noida International University""}",needs_review,,,,,,,f,,,f,tech,,deployed,f,
120,,3dd5539e853b43afb1a74d7a586756a1,Shamarthi Sathish,,,,,,,,,,,,,,f,t,CENTRAL_INSTRUCTOR,TECH,Naga Venkata Dasaradhi Nunna,"{""Training Institute""}",needs_review,,,,,,,f,,,f,tech,,in_training,f,
93,,6d6aaae71cc5429aa6471dbad57bbbca,Juturu Yagna Sriya,,,,,,,,,,,,,,f,t,CENTRAL_INSTRUCTOR,TECH,Naga Venkata Dasaradhi Nunna,"{""Chaitanya Deemed-to-be University""}",needs_review,,,,,,,f,,,f,tech,,deployed,f,
125,,6a2f44ab11bd4c7ba6462bfab3b99d85,Gampala Anuhitha,,,,,,,,,,,,,,f,t,INSTRUCTOR,TECH,Venkatesh Pitchumani,"{""Training Institute""}",needs_review,,,,,,,f,,,f,tech,,in_training,f,
84,,5f47d0c6369845779eb917dd0b79d34e,Erri Suvarna,,,,,,,,,,,,,,f,t,CENTRAL_INSTRUCTOR,TECH,Naga Venkata Dasaradhi Nunna,"{""Malla Reddy University""}",needs_review,,,,,,,f,,,f,tech,,deployed,f,
97,,408a7dc49f5d457eb179bbe48afc08fe,Meghana Reddy Komandla,,,,,,,,,,,,,,f,t,INSTRUCTOR,TECH,Venkatesh Pitchumani,"{""Training Institute""}",needs_review,,,,,,,f,,,f,tech,,in_training,f,
208,,9198d1def20e48fbac08789de1942a20,Ankit Arora,,,,,,,,,,,,,,f,t,CENTRAL_INSTRUCTOR,TECH,Venkatesh Pitchumani,"{""Training Institute""}",needs_review,,,,,,,f,,,f,tech,,in_training,f,
191,,079d6bd8404a4001ad3e7fe8b55c0f4f,BHANU PRASAD Nampally,,,,,,,,,,,,,,f,t,INSTRUCTOR,TECH,Venkatesh Pitchumani,"{""Training Institute""}",needs_review,,,,,,,f,,,f,tech,,in_training,f,
314,,2f71d7d42721423d867216c58a29bebf,Dangeti Saatwik Prasad Babu,,,,,,,,,,,,,,f,t,INSTRUCTOR,TECH,Naga Venkata Dasaradhi Nunna,"{""Chalapathy (CITY)""}",needs_review,,,,,,,f,,,f,tech,,deployed,f,
169,,f77b068d066846a78f97ec8237c4510d,Gumparthi Vaishnavi,,,,,,,,,,,,,,f,t,CENTRAL_INSTRUCTOR,TECH,Naga Venkata Dasaradhi Nunna,"{""Training Institute""}",needs_review,,,,,,,f,,,f,tech,,in_training,f,
230,,e3b0a815f6d34e508fd1c5091ee09047,Sai Sachin Mhapasekar,,,,,,,,,,,,,,f,t,INSTRUCTOR,TECH,Venkatesh Pitchumani,"{""Training Institute""}",needs_review,,,,,,,f,,,f,tech,,in_training,f,
258,,aeb965aca4684fc08d0f02cb0795d567,U Rukmandar reddy,,,,,,,,,,,,,,f,t,CENTRAL_INSTRUCTOR,TECH,Venkatesh Pitchumani,"{""Chaitanya Deemed-to-be University""}",needs_review,,,,,,,f,,,f,tech,,deployed,f,
119,,51f90a895cc14d628025f2f306563a35,Ankhi Bandyopadhyay,,,,,,,,,,,,,,f,t,CENTRAL_INSTRUCTOR,TECH,Naga Venkata Dasaradhi Nunna,"{""SMR University""}",needs_review,,,,,,,f,,,f,tech,,deployed,f,
92,,bc50625922f547b8b9182213c1ae6f6c,M. Sai Sudha,,,,,,,,,,,,,,f,t,CENTRAL_INSTRUCTOR,TECH,Naga Venkata Dasaradhi Nunna,"{""Chalapathy (CITY)""}",needs_review,,,,,,,f,,,f,tech,,deployed,f,
403,,7f2290bb2c7a4e3193d12496ce42c203,Sankabattula Bhavani Prasad,,,,,,,,,,,,,,f,t,CENTRAL_INSTRUCTOR,TECH,Venkatesh Pitchumani,"{""Training Institute""}",needs_review,,,,,,,f,,,f,tech,,in_training,f,
137,,6dd172380f3a4061bd6fc543924da0c2,Bolladi Keerthi,,,,,,,,,,,,,,f,t,INSTRUCTOR,TECH,Venkatesh Pitchumani,"{""Training Institute""}",needs_review,,,,,,,f,,,f,tech,,in_training,f,
162,,249c16d3bda146fdbf88676e263189f0,Akshat Singh,,,,,,,,,,,,,,f,t,CENTRAL_INSTRUCTOR,TECH,Venkatesh Pitchumani,"{""Sanjay Ghodawat University""}",needs_review,,,,,,,f,,,f,tech,,deployed,f,
138,,99d29120a7ec4bb6b0b2ffcaa2943857,Sruthi setti,,,,,,,,,,,,,,f,t,INSTRUCTOR,TECH,Venkatesh Pitchumani,"{""Training Institute""}",needs_review,,,,,,,f,,,f,tech,,in_training,f,
65,,d732e226d9cd47b9acd8a52fe064f32b,R Vignesh,,,,,,,,,,,,,,f,t,CENTRAL_INSTRUCTOR,TECH,Naga Venkata Dasaradhi Nunna,"{""Crescent University""}",needs_review,,,,,,,f,,,f,tech,,deployed,f,
105,,fc14baf3b3d4484ebec2ea811b23c92d,Jasthi Lakshmi Narayana,,,,,,,,,,,,,,f,t,INSTRUCTOR,TECH,Venkatesh Pitchumani,"{""Malla Reddy University""}",needs_review,,,,Possible match: Lakshmi Narayanan (65% confidence). Review before merging.,,,f,,,f,tech,,deployed,f,
112,,6d116c6bf7e44edb88195467f4e54677,Nikita Sharma,,,,,,,,,,,,,,f,t,CENTRAL_INSTRUCTOR,TECH,Venkatesh Pitchumani,"{""Training Institute""}",needs_review,,,,,,,f,,,f,tech,,in_training,f,
155,,4e0a6108defd44d9947333a438fabc75,Cheduluru Meenakshi,,,,,,,,,,,,,,f,t,CENTRAL_INSTRUCTOR,TECH,Naga Venkata Dasaradhi Nunna,"{""Yenapoya University Banglore""}",needs_review,,,,,,,f,,,f,tech,,deployed,f,
148,,720a488465fe407fbaa781c6a0aa58ae,Shaik Afroz,,,,,,,,,,,,,,f,t,INSTRUCTOR,TECH,Naga Venkata Dasaradhi Nunna,"{""Annamacharya University""}",needs_review,,,,Possible match: Shaik Abbas (64% confidence). Review before merging.,,,f,,,f,tech,,deployed,f,
134,,bec27842b9884c26999c0dcfe44b34ba,Thota jagadeesh,,,,,,,,,,,,,,f,t,CENTRAL_INSTRUCTOR,TECH,Venkatesh Pitchumani,"{""A Dy Patil University""}",needs_review,,,,,,,f,,,f,tech,,deployed,f,
196,,a0eb717af722452581e280ba0c9e6745,Indrajit,,,,,,,,,,,,,,f,t,CENTRAL_INSTRUCTOR,TECH,Venkatesh Pitchumani,"{""Geeta University""}",needs_review,,,,,,,f,,,f,tech,,deployed,f,
166,,a0630befdca64d0bbb09e5b675af590b,Sandagonda Rakesh,,,,,,,,,,,,,,f,t,CENTRAL_INSTRUCTOR,TECH,Venkatesh Pitchumani,"{""Aurora University""}",needs_review,,,,,,,f,,,f,tech,,deployed,f,
143,,22a79fdd397448fe99f6e527f64f7fe3,Rishi Sharma,,,,,,,,,,,,,,f,t,CENTRAL_INSTRUCTOR,TECH,Venkatesh Pitchumani,"{""Training Institute""}",needs_review,,,,,,,f,,,f,tech,,in_training,f,
182,,eff89f7296594c9abb30f681fc5bc2b5,J V Ayyappan,,,,,,,,,,,,,,f,t,INSTRUCTOR,TECH,Venkatesh Pitchumani,"{""Crescent University""}",payroll_converted,,,,,payroll_converted,Confirmed against uploaded payroll reference file,f,,,f,tech,,deployed,t,
382,,c68b0b39bd1f41b5b09889ccb4270dc4,Surakshit Nautiyal,,,,,,,,,,,,,,f,t,CENTRAL_INSTRUCTOR,TECH,Venkatesh Pitchumani,"{""Crescent University""}",payroll_converted,,,,,payroll_converted,Confirmed against uploaded payroll reference file,f,,,f,tech,,deployed,t,
149,,2e55bc8bc3c0450d933524bd18f98b00,GOPICA M,,,,,,,,,,,,,,f,t,CENTRAL_INSTRUCTOR,ENGLISH,Tejaswini Venkata,"{""Training Institute""}",needs_review,,,,,,,f,,,f,non_tech,,in_training,f,
153,,4dc3ca6c093745ec8f6789c84f23fd1f,Aishik,,,,,,,,,,,,,,f,t,CENTRAL_INSTRUCTOR,TECH,Venkatesh Pitchumani,"{""Sanjay Ghodawat University""}",needs_review,,,,,,,f,,,f,tech,,deployed,f,
131,,7ae16c9f3ea545308e42f7ea2d66b00b,Abhinav Pramanik,,,,,,,,,,,,,,f,t,INSTRUCTOR,TECH,Venkatesh Pitchumani,"{""Training Institute""}",needs_review,,,,,,,f,,,f,tech,,in_training,f,
147,,a934da82b276463e9f062253dd520705,Ninitha H,,,,,,,,,,,,,,f,t,CENTRAL_INSTRUCTOR,TECH,Venkatesh Pitchumani,"{""Training Institute""}",needs_review,,,,,,,f,,,f,tech,,in_training,f,
135,,becca06a4a7f4b02b370cd9bdabdd725,Katuri Karthik,,,,,,,,,,,,,,f,t,INSTRUCTOR,TECH,Venkatesh Pitchumani,"{""Training Institute""}",needs_review,,,,,,,f,,,f,tech,,in_training,f,
161,,2065a062440b407faa4aa70bc69ac5c1,Utsav Mishra,,,,,,,,,,,,,,f,t,CENTRAL_INSTRUCTOR,TECH,Venkatesh Pitchumani,"{""Nxtwave Institute of Advanced Technologies""}",needs_review,,,,,,,f,,,f,tech,,deployed,f,
177,,0096e51554f449f5bbdb03007cd09218,Challakonda Bharath,,,,,,,,,,,,,,f,t,INSTRUCTOR,TECH,Venkatesh Pitchumani,"{""Training Institute""}",needs_review,,,,,,,f,,,f,tech,,in_training,f,
176,,0755236a39c846f1af7c3b5ae0896713,Penumarthi Satya Syamala,,,,,,,,,,,,,,f,t,INSTRUCTOR,TECH,Venkatesh Pitchumani,"{""Training Institute""}",needs_review,,,,,,,f,,,f,tech,,in_training,f,
146,,be13e95c728b47f997357b8561733034,Ashwin Satish,,,,,,,,,,,,,,f,t,CENTRAL_INSTRUCTOR,TECH,Venkatesh Pitchumani,"{""Nxtwave Institute of Advanced Technologies""}",needs_review,,,,,,,f,,,f,tech,,deployed,f,
158,,61fb97d8b2f34d0faf5c587349ee48d0,SATHWIK,,,,,,,,,,,,,,f,t,INSTRUCTOR,TECH,Venkatesh Pitchumani,"{""Training Institute""}",needs_review,,,,,,,f,,,f,tech,,in_training,f,
205,,55c5d89af0564b65b71c4034c968ae63,S.Mithilesh Prasanna,,,,,,,,,,,,,,f,t,INSTRUCTOR,TECH,Naga Venkata Dasaradhi Nunna,"{""Training Institute""}",needs_review,,,,,,,f,,,f,tech,,in_training,f,
192,,3c22b9917a4a432daffc443409f702d5,Nakul,,,,,,,,,,,,,,f,t,CENTRAL_INSTRUCTOR,TECH,Venkatesh Pitchumani,"{""Training Institute""}",needs_review,,,,,,,f,,,f,tech,,in_training,f,
174,,ed33313fc6fe4b14a567947495beef82,Venkatraghavan M,,,,,,,,,,,,,,f,t,INSTRUCTOR,TECH,Venkatesh Pitchumani,"{""Intensive Offline DC""}",needs_review,,,,,,,f,,,f,tech,,deployed,f,
180,,962b2a84f54143b59dfdc3cb53f66de6,SUDHEER SAVARAPU,,,,,,,,,,,,,,f,t,CENTRAL_INSTRUCTOR,TECH,Venkatesh Pitchumani,"{""Training Institute""}",needs_review,,,,,,,f,,,f,tech,,in_training,f,
199,,d4c997b6d4744651b7a27e1cbf733d9a,Prachi Sharma,,,,,,,,,,,,,,f,t,CENTRAL_INSTRUCTOR,TECH,Venkatesh Pitchumani,"{""Training Institute""}",needs_review,,,,Possible match: Rishi Sharma (77% confidence). Review before merging.,,,f,,,f,tech,,in_training,f,
190,,23894a10b1bd41c9b112d4e761a3b367,Chennoju Sowmya,,,,,,,,,,,,,,f,t,INSTRUCTOR,TECH,Venkatesh Pitchumani,"{""Training Institute""}",needs_review,,,,,,,f,,,f,tech,,in_training,f,
291,,91f75c3306354ef594a3afe0ec487556,Allam Chiranjeevi,,,,,,,,,,,,,,f,t,CENTRAL_INSTRUCTOR,TECH,Venkatesh Pitchumani,"{""Training Institute""}",needs_review,,,,,,,f,,,f,tech,,in_training,f,
507,,ed2ed04f93ef4c7799f935abbf4beb48,Kushagra Bande,,,,,,,,,,,,,,f,t,CENTRAL_INSTRUCTOR,TECH,Naga Venkata Dasaradhi Nunna,"{""Aurora University""}",needs_review,,,,,,,f,,,f,tech,,deployed,f,
562,,a02a3c263322468aa09f4ccc88387d2e,Goriparthi Krishna Geethika,,,,,,,,,,,,,,f,t,CENTRAL_INSTRUCTOR,TECH,Naga Venkata Dasaradhi Nunna,"{""Training Institute""}",needs_review,,,,,,,f,,,f,tech,,in_training,f,
622,,f1b476c639114c849b53cd3c3775af86,Tejaswini Venkata,,,,,,,,,,,,,,f,t,INSTRUCTOR,TECH,Venkatesh Pitchumani,"{""Training Institute""}",excluded,,,,,excluded_other_department,"Head of Department - English and Communication Skills (Content – Aptitude & English) — HOD/managerial role, not a teaching/instructor designation",f,,,f,tech,,in_training,f,
212,,bcd10c286afd48f3a246a1b82289ec30,Mahima Rai,,,,,,,,,,,,,,f,t,INSTRUCTOR,TECH,Venkatesh Pitchumani,"{""Training Institute""}",needs_review,,,,,,,f,,,f,tech,,in_training,f,
218,,c1955e40b065461e9066be186cb80735,Manjot Singh,,,,,,,,,,,,,,f,t,CENTRAL_INSTRUCTOR,TECH,Venkatesh Pitchumani,"{""Aurora University""}",payroll_converted,,,,Possible match: Manish Singh (75% confidence). Review before merging.,payroll_converted,Confirmed against uploaded payroll reference file,f,,,f,tech,,deployed,t,
186,,511f3623387443ca849e4e9c95a954a9,Moodu Prabhakar,,,,,,,,,,,,,,f,t,INSTRUCTOR,TECH,Venkatesh Pitchumani,"{""Subharti University""}",needs_review,,,,,,,f,,,f,tech,,deployed,f,
170,,4f42cd90daa74d169f34ea2220cffb73,M Pavan Kalyan Varma,,,,,,,,,,,,,,f,t,CENTRAL_INSTRUCTOR,TECH,Naga Venkata Dasaradhi Nunna,"{""NSRIT University""}",needs_review,,,,,,,f,,,f,tech,,deployed,f,
597,,20b6ae8a2a7d4cf4b40c62db1993e4cc,Rithika Mandhadi,,,,,,,,,,,,,,f,t,INSTRUCTOR,TECH,Venkatesh Pitchumani,"{""Training Institute""}",needs_review,,,,,,,f,,,f,tech,,in_training,f,
194,,605a7b3f8d6e40579dd06238940336c8,Sirigiri Tejaswini,,,,,,,,,,,,,,f,t,CENTRAL_INSTRUCTOR,TECH,Venkatesh Pitchumani,"{""Malla Reddy Vishwavidyapeeth""}",needs_review,,,,,,,f,,,f,tech,,deployed,f,
221,,9dc0fe1a66f74faab3d85889131d1f78,Kunta Ajaykumar,,,,,,,,,,,,,,f,t,INSTRUCTOR,TECH,Venkatesh Pitchumani,"{""Training Institute""}",needs_review,,,,,,,f,,,f,tech,,in_training,f,
245,,c40a69f7e47e449e87507a6a5f4d603a,Kanuparthi Prasasthi,,,,,,,,,,,,,,f,t,CENTRAL_INSTRUCTOR,TECH,Naga Venkata Dasaradhi Nunna,"{""Training Institute""}",needs_review,,,,,,,f,,,f,tech,,in_training,f,
214,,3a9bd13ff41842a4adc4309b2cbd98dc,Chinthala Dinesh Manikanta,,,,,,,,,,,,,,f,t,INSTRUCTOR,TECH,Venkatesh Pitchumani,"{""Training Institute""}",needs_review,,,,,,,f,,,f,tech,,in_training,f,
243,,e212da396ba0468a89a253767337e34a,Febi Mariam John,,,,,,,,,,,,,,f,t,CENTRAL_INSTRUCTOR,TECH,Venkatesh Pitchumani,{S-VYASA},needs_review,,,,,,,f,,,f,tech,,deployed,f,
246,,c4e387580a314c3da25fe131f9eb3d4a,Rohit Rathore,,,,,,,,,,,,,,f,t,CENTRAL_INSTRUCTOR,TECH,Naga Venkata Dasaradhi Nunna,"{""Training Institute""}",needs_review,,,,,,,f,,,f,tech,,in_training,f,
229,,3515fcd7ad074aa0952e138a6b3b52cc,Yuvasri venkat,,,,,,,,,,,,,,f,t,INSTRUCTOR,TECH,Venkatesh Pitchumani,"{""Training Institute""}",needs_review,,,,,,,f,,,f,tech,,in_training,f,
237,,a1cd5e8c634a4af48034597870561478,Jahnavi,,,,,,,,,,,,,,f,t,CENTRAL_INSTRUCTOR,TECH,Venkatesh Pitchumani,"{""Training Institute""}",needs_review,,,,,,,f,,,f,tech,,in_training,f,
235,,4428d82faa2944a381e15a7b0e9091d9,NOOLI SIRI,,,,,,,,,,,,,,f,t,CENTRAL_INSTRUCTOR,TECH,Venkatesh Pitchumani,"{""Training Institute""}",needs_review,,,,,,,f,,,f,tech,,in_training,f,
226,,42361d1e4f9144018f58840332ea87be,Dasari Anjani Devi,,,,,,,,,,,,,,f,t,CENTRAL_INSTRUCTOR,TECH,Venkatesh Pitchumani,"{""Chaitanya Deemed-to-be University""}",needs_review,,,,,,,f,,,f,tech,,deployed,f,
233,,8ae9b27f05ab417885b362e90e022777,Sandeep Sharma,,,,,,,,,,,,,,f,t,INSTRUCTOR,TECH,Venkatesh Pitchumani,"{""Training Institute""}",needs_review,,,,Possible match: Sandeep Patro (64% confidence). Review before merging.,,,f,,,f,tech,,in_training,f,
227,,f4b2774979a64093920e16e099364926,Sv. Gnana Prasoona,,,,,,,,,,,,,,f,t,CENTRAL_INSTRUCTOR,TECH,Naga Venkata Dasaradhi Nunna,"{""Vivekananda global University""}",needs_review,,,,,,,f,,,f,tech,,deployed,f,
238,,0865f9bfb4494e65a167062f56af3bf0,shaik mohammed pasha,,,,,,,,,,,,,,f,t,INSTRUCTOR,TECH,Venkatesh Pitchumani,"{""Training Institute""}",needs_review,,,,,,,f,,,f,tech,,in_training,f,
268,,95a3693d9fb1467485381015a497f991,KAVITI MURALI KRISHNA,,,,,,,,,,,,,,f,t,INSTRUCTOR,TECH,Venkatesh Pitchumani,"{""Sandip University""}",needs_review,,,,,,,f,,,f,tech,,deployed,f,
231,,2aa12620185a4d18af442c65da091b65,Battula Sanjay Jeevan,,,,,,,,,,,,,,f,t,INSTRUCTOR,TECH,Venkatesh Pitchumani,"{""Training Institute""}",needs_review,,,,,,,f,,,f,tech,,in_training,f,
248,,5c5e708a181d4864b513a6e3c6d7361f,Dhriti Rajani,,,,,,,,,,,,,,f,t,CENTRAL_INSTRUCTOR,TECH,Venkatesh Pitchumani,"{""Training Institute""}",needs_review,,,,,,,f,,,f,tech,,in_training,f,
254,,f32f9df7b64a492c912f6868f9288d74,M Mohnish Kumar,,,,,,,,,,,,,,f,t,INSTRUCTOR,TECH,Venkatesh Pitchumani,"{""NSRIT University""}",needs_review,,,,,,,f,,,f,tech,,deployed,f,
274,,f8fff86eaf1f4bc5a9042fa98d1b940a,Kunal kailas meshram,,,,,,,,,,,,,,f,t,CENTRAL_INSTRUCTOR,TECH,Venkatesh Pitchumani,"{""A Dy Patil University""}",needs_review,,,,,,,f,,,f,tech,,deployed,f,
522,,45c77dd78f054c1baa1a685706142d9b,Yashoda Naga Bhavani Vishnudasyam,,,,,,,,,,,,,,f,t,CENTRAL_INSTRUCTOR,TECH,Venkatesh Pitchumani,"{""Nxtwave Institute of Advanced Technologies""}",needs_review,,,,,,,f,,,f,tech,,deployed,f,
575,,430a775e6b264d4780c3431f10d28b1a,Devika Rani J,,,,,,,,,,,,,,f,t,CENTRAL_INSTRUCTOR,TECH,Naga Venkata Dasaradhi Nunna,"{""Joy University""}",needs_review,,,,,,,f,,,f,tech,,deployed,f,
316,,68ba7523afae414e92526512e77230db,Akash,,,,,,,,,,,,,,f,t,CENTRAL_INSTRUCTOR,TECH,Naga Venkata Dasaradhi Nunna,"{""Training Institute""}",needs_review,,,,,,,f,,,f,tech,,in_training,f,
320,,a701654f92f640d68d943641beb25a54,Ranjith,,,,,,,,,,,,,,f,t,CENTRAL_INSTRUCTOR,TECH,Venkatesh Pitchumani,"{""Training Institute""}",needs_review,,,,,,,f,,,f,tech,,in_training,f,
305,,9aa7975677e247f3954bb0985dec4eb3,Kummari Raghavendra,,,,,,,,,,,,,,f,t,INSTRUCTOR,TECH,Venkatesh Pitchumani,"{""Training Institute""}",needs_review,,,,,,,f,,,f,tech,,in_training,f,
300,,f79fc20fc2a041f68fabc075c3cdb3aa,Sowmya,,,,,,,,,,,,,,f,t,INSTRUCTOR,TECH,Venkatesh Pitchumani,"{""Training Institute""}",needs_review,,,,,,,f,,,f,tech,,in_training,f,
308,,06dfee1da373407e92ed1de9296ac565,Sai Kiran Gumpu,,,,,,,,,,,,,,f,t,INSTRUCTOR,TECH,Venkatesh Pitchumani,"{""Intensive Offline DC""}",needs_review,,,,,,,f,,,f,tech,,deployed,f,
287,,72a45a2299e648d2b7f358f0b00f7dc9,Sushmitha Amarnath,,,,,,,,,,,,,,f,t,CENTRAL_INSTRUCTOR,TECH,Venkatesh Pitchumani,{S-VYASA},needs_review,,,,,,,f,,,f,tech,,deployed,f,
292,,319c81442a134206b69864c7d00b4e74,Sai Ram Polisetty,,,,,,,,,,,,,,f,t,INSTRUCTOR,TECH,Venkatesh Pitchumani,"{""Training Institute""}",needs_review,,,,,,,f,,,f,tech,,in_training,f,
322,,2593155359a74d3ca283a5a7a17af3c2,Solasa Vinay,,,,,,,,,,,,,,f,t,CENTRAL_INSTRUCTOR,TECH,Venkatesh Pitchumani,"{""Training Institute""}",needs_review,,,,,,,f,,,f,tech,,in_training,f,
318,,e239184d93fe4cc5878c3cc55b8ecce3,Chinthala Meghana,,,,,,,,,,,,,,f,t,INSTRUCTOR,TECH,Venkatesh Pitchumani,"{""Training Institute""}",needs_review,,,,,,,f,,,f,tech,,in_training,f,
606,,f51630998ba74141b2956d831c2dac03,Khushbu Ketan Randive,,,,,,,,,,,,,,f,t,INSTRUCTOR,TECH,Venkatesh Pitchumani,"{""A Dy Patil University""}",needs_review,,,,,,,f,,,f,tech,,deployed,f,
61,,5956b293739f4cf8b58f99bfba49947a,Naveen CH,,,,,,,,,,,,,,f,t,CENTRAL_INSTRUCTOR,TECH,Naga Venkata Dasaradhi Nunna,"{""Aurora University""}",needs_review,,,,,,,f,,,f,tech,,deployed,f,
333,,e06fb79e87634bc1849011cc4c765f73,Katikala Jaya Venkata Prasad,,,,,,,,,,,,,,f,t,CENTRAL_INSTRUCTOR,TECH,Venkatesh Pitchumani,"{""Nxtwave Institute of Advanced Technologies""}",needs_review,,,,,,,f,,,f,tech,,deployed,f,
329,,e2cc23d297384138ad85261edcc19e63,Preethi Vangaveti,,,,,,,,,,,,,,f,t,INSTRUCTOR,TECH,Venkatesh Pitchumani,"{""Training Institute""}",needs_review,,,,,,,f,,,f,tech,,in_training,f,
359,,22797d2fd05e49869e854e4f1e6e4f50,Pamba Vamshi Krishna,,,,,,,,,,,,,,f,t,CENTRAL_INSTRUCTOR,TECH,Venkatesh Pitchumani,"{""Aurora University""}",needs_review,,,,,,,f,,,f,tech,,deployed,f,
357,,45e1fad491da4ec58c1eb298d5618f64,Chandana,,,,,,,,,,,,,,f,t,CENTRAL_INSTRUCTOR,TECH,Venkatesh Pitchumani,"{""Aurora University""}",needs_review,,,,,,,f,,,f,tech,,deployed,f,
352,,41997ff427644b69a50cc234abf3cc7b,Nandini Sahu,,,,,,,,,,,,,,f,t,CENTRAL_INSTRUCTOR,TECH,Venkatesh Pitchumani,"{""Training Institute""}",needs_review,,,,Possible match: Nandini Rao (75% confidence). Review before merging.,,,f,,,f,tech,,in_training,f,
351,,bcf1c15278144c69b493deafb973c473,ARUL P R,,,,,,,,,,,,,,f,t,CENTRAL_INSTRUCTOR,TECH,Naga Venkata Dasaradhi Nunna,"{""Training Institute""}",needs_review,,,,,,,f,,,f,tech,,in_training,f,
328,,c456cddf71254fbb8b3881bce07e749f,Maadhavan S,,,,,,,,,,,,,,f,t,INSTRUCTOR,TECH,Venkatesh Pitchumani,"{""Training Institute""}",needs_review,,,,,,,f,,,f,tech,,in_training,f,
326,,167051267d0842ad947a600d88113be5,N Hasmitha,,,,,,,,,,,,,,f,t,CENTRAL_INSTRUCTOR,TECH,Naga Venkata Dasaradhi Nunna,{S-VYASA},needs_review,,,,,,,f,,,f,tech,,deployed,f,
344,,a01d76269d0242479c7f7109c4f56f3a,Guttula Sri Vidya,,,,,,,,,,,,,,f,t,INSTRUCTOR,TECH,Venkatesh Pitchumani,"{""Training Institute""}",needs_review,,,,,,,f,,,f,tech,,in_training,f,
335,,3da563e09dfe424f90d3ff63cfed89c7,Harsh Sahu,,,,,,,,,,,,,,f,t,CENTRAL_INSTRUCTOR,TECH,Venkatesh Pitchumani,"{""Training Institute""}",needs_review,,,,,,,f,,,f,tech,,in_training,f,
355,,23884ea27dec4fd8953b8556b1bab7c5,Mohd Sahil Khan,,,,,,,,,,,,,,f,t,INSTRUCTOR,TECH,Venkatesh Pitchumani,"{""Chaitanya Deemed-to-be University""}",needs_review,,,,,,,f,,,f,tech,,deployed,f,
327,,b72b8e970c6641999bdea275e2aafe73,Ashutosh Suryawanshi,,,,,,,,,,,,,,f,t,INSTRUCTOR,TECH,Naga Venkata Dasaradhi Nunna,"{""Nxtwave Institute of Advanced Technologies""}",needs_review,,,,,,,f,,,f,tech,,deployed,f,
358,,206c1f2413a94647885fb7f0249c8e80,Bhumika,,,,,,,,,,,,,,f,t,CENTRAL_INSTRUCTOR,TECH,Venkatesh Pitchumani,"{""Vivekananda global University""}",needs_review,,,,,,,f,,,f,tech,,deployed,f,
345,,7fa031520ebc4d9887b900593219075b,Muppidi Praveen Kumar,,,,,,,,,,,,,,f,t,INSTRUCTOR,TECH,Venkatesh Pitchumani,"{""Training Institute""}",needs_review,,,,,,,f,,,f,tech,,in_training,f,
388,,b878f8d258924868b2131a0d947cf762,Kotagiri Lasya,,,,,,,,,,,,,,f,t,INSTRUCTOR,TECH,Venkatesh Pitchumani,"{""Training Institute""}",needs_review,,,,,,,f,,,f,tech,,in_training,f,
471,,c4e7be0cf8b74731a1f734055585bac7,Midhun Kumar Reddy Kurri,,,,,,,,,,,,,,f,t,INSTRUCTOR,TECH,Venkatesh Pitchumani,"{""Training Institute""}",needs_review,,,,,,,f,,,f,tech,,in_training,f,
538,,07e0b38273a848e1b11c2692e1984fa0,PALAPARTHI VENKATA RAMAKRISHNA,,,,,,,,,,,,,,f,t,INSTRUCTOR,TECH,Venkatesh Pitchumani,"{""Training Institute""}",needs_review,,,,,,,f,,,f,tech,,in_training,f,
396,,e3f0de0e426d426ba332466122db295f,Desai Ashok Kumar Reddy,,,,,,,,,,,,,,f,t,CENTRAL_INSTRUCTOR,TECH,Naga Venkata Dasaradhi Nunna,"{""Training Institute""}",needs_review,,,,,,,f,,,f,tech,,in_training,f,
393,,5cbc09d35414418f8936a473562d8037,Gattadi Vikranth,,,,,,,,,,,,,,f,t,CENTRAL_INSTRUCTOR,TECH,Venkatesh Pitchumani,"{""Nxtwave Institute of Advanced Technologies""}",needs_review,,,,,,,f,,,f,tech,,deployed,f,
370,,35e9156be927461184789e7b97685fe0,Vishala Kothapally,,,,,,,,,,,,,,f,t,CENTRAL_INSTRUCTOR,TECH,Naga Venkata Dasaradhi Nunna,"{""Malla Reddy University""}",needs_review,,,,,,,f,,,f,tech,,deployed,f,
389,,ea3cd38b8f31493fbc0327822bc51256,Pachipulusu Radha Vaishnavi,,,,,,,,,,,,,,f,t,INSTRUCTOR,TECH,Venkatesh Pitchumani,"{""Training Institute""}",needs_review,,,,,,,f,,,f,tech,,in_training,f,
376,,0f321886b3914da2b46610b5a5726f61,Viswanadhapalli Umadevi,,,,,,,,,,,,,,f,t,CENTRAL_INSTRUCTOR,TECH,Venkatesh Pitchumani,"{""Aurora University""}",needs_review,,,,,,,f,,,f,tech,,deployed,f,
394,,79f1fad5e9a4423995e1451f333fbf8e,Aswathi T,,,,,,,,,,,,,,f,t,CENTRAL_INSTRUCTOR,TECH,Venkatesh Pitchumani,"{""Aurora University""}",needs_review,,,,,,,f,,,f,tech,,deployed,f,
364,,1e19d1b16cc34797bea47f8ce1c779bb,Skund Agarwal,,,,,,,,,,,,,,f,t,CENTRAL_INSTRUCTOR,TECH,Naga Venkata Dasaradhi Nunna,"{""Training Institute""}",needs_review,,,,,,,f,,,f,tech,,in_training,f,
430,,bf097044b65f428a993326559f36fad5,Himanshu,,,,,,,,,,,,,,f,t,CENTRAL_INSTRUCTOR,TECH,Venkatesh Pitchumani,"{""Sanjay Ghodawat University""}",needs_review,,,,,,,f,,,f,tech,,deployed,f,
414,,779cfb45439c4dae995a90b91209cfd0,Shaik Musharaf,,,,,,,,,,,,,,f,t,INSTRUCTOR,TECH,Venkatesh Pitchumani,"{""Chaitanya Deemed-to-be University""}",excluded,,,,,excluded_other_department,"Video Editor (Video House - NIAT) — support role, not a teaching/instructor designation",f,,,f,tech,,deployed,f,
424,,3f886b60975d4e54bcb6501ecfc58005,Rimil Rose Tharakan,,,,,,,,,,,,,,f,t,CENTRAL_INSTRUCTOR,TECH,Naga Venkata Dasaradhi Nunna,"{""Yenapoya University""}",needs_review,,,,,,,f,,,f,tech,,deployed,f,
408,,1cc3d90726804cd984a6e75443d26e95,SREETEJASWINI,,,,,,,,,,,,,,f,t,CENTRAL_INSTRUCTOR,TECH,Venkatesh Pitchumani,"{""Chaitanya Deemed-to-be University""}",needs_review,,,,Possible match: M. Tejaswini (69% confidence). Review before merging.,,,f,,,f,tech,,deployed,f,
411,,f1835a1775a4443ab0dde8e260243a2b,Glen Stawin Dsouza,,,,,,,,,,,,,,f,t,CENTRAL_INSTRUCTOR,TECH,Venkatesh Pitchumani,"{""Joy University""}",needs_review,,,,,,,f,,,f,tech,,deployed,f,
423,,6d1c9469c6f343eabe92fa6ebe30c5c1,Naga Akhila Malineni,,,,,,,,,,,,,,f,t,INSTRUCTOR,TECH,Venkatesh Pitchumani,"{""Training Institute""}",needs_review,,,,,,,f,,,f,tech,,in_training,f,
425,,6d8bbf1a9f024ec28061b060b9b44f5b,T. Kavya Persis,,,,,,,,,,,,,,f,t,INSTRUCTOR,TECH,Venkatesh Pitchumani,"{""Chaitanya Deemed-to-be University""}",needs_review,,,,,,,f,,,f,tech,,deployed,f,
398,,f7a0a075f0be4eeda6de742336fb75c5,Sreya Reddy Rayannagari,,,,,,,,,,,,,,f,t,INSTRUCTOR,TECH,Venkatesh Pitchumani,"{""Training Institute""}",needs_review,,,,,,,f,,,f,tech,,in_training,f,
417,,340f1672dbc14cbd8af09567c7e4dea3,Sanjay,,,,,,,,,,,,,,f,t,INSTRUCTOR,TECH,Venkatesh Pitchumani,"{""Intensive Offline DC""}",needs_review,,,,Possible match: Ajay (67% confidence). Review before merging.,,,f,,,f,tech,,deployed,f,
419,,bbcca52a6e014eadadab5f7856133f70,Afsha  Firdouse,,,,,,,,,,,,,,f,t,INSTRUCTOR,TECH,Venkatesh Pitchumani,"{""Intensive Offline DC""}",needs_review,,,,,,,f,,,f,tech,,deployed,f,
420,,ad7bb55eaff44bdb9e46d854e0c5141b,Guru Sahithya,,,,,,,,,,,,,,f,t,CENTRAL_INSTRUCTOR,TECH,Venkatesh Pitchumani,"{""Training Institute""}",needs_review,,,,,,,f,,,f,tech,,in_training,f,
426,,6db47c7f8ad84e0ea517760adef067ea,Sahil Agarwal,,,,,,,,,,,,,,f,t,CENTRAL_INSTRUCTOR,TECH,Venkatesh Pitchumani,"{""Training Institute""}",needs_review,,,,Possible match: Skund Agarwal (69% confidence). Review before merging.,,,f,,,f,tech,,in_training,f,
421,,2232b048b7d74ed5995b309bb60a0d2e,Yeddula Tejaswini,,,,,,,,,,,,,,f,t,INSTRUCTOR,TECH,Venkatesh Pitchumani,"{""Training Institute""}",needs_review,,,,,,,f,,,f,tech,,in_training,f,
427,,703ec5259bc04274b8f84c8b0db1f346,Satya Aparna,,,,,,,,,,,,,,f,t,CENTRAL_INSTRUCTOR,TECH,Venkatesh Pitchumani,{S-VYASA},payroll_converted,,,,,payroll_converted,Confirmed against uploaded payroll reference file,f,,,f,tech,,deployed,t,
412,,72b40fee036747e78d69970f162c13c7,Kaushik Gohain Bora,,,,,,,,,,,,,,f,t,INSTRUCTOR,TECH,Venkatesh Pitchumani,"{""Training Institute""}",needs_review,,,,,,,f,,,f,tech,,in_training,f,
402,,1305e179aa0c4085811af9fa604ab742,RISHABH TRIPATHI,,,,,,,,,,,,,,f,t,INSTRUCTOR,TECH,Venkatesh Pitchumani,"{""Aurora University""}",needs_review,,,,Possible match: Sneha Tripathi (69% confidence). Review before merging.,,,f,,,f,tech,,deployed,f,
63,,f5743ede9fc24e71969b5c0d5f8cc5e7,Nimmala Sai Lahari,,,,,,,,,,,,,,f,t,CENTRAL_INSTRUCTOR,TECH,Naga Venkata Dasaradhi Nunna,"{""Training Institute""}",needs_review,,,,,,,f,,,f,tech,,in_training,f,
464,,8a9a6683e7cc4f0cb7a8e144a79080ed,Sakthipoorani D,,,,,,,,,,,,,,f,t,CENTRAL_INSTRUCTOR,TECH,Naga Venkata Dasaradhi Nunna,"{""Training Institute""}",needs_review,,,,,,,f,,,f,tech,,in_training,f,
444,,41844a0de7a94b7ca3a0f731931c0f1f,Yedla Santosh Kumar,,,,,,,,,,,,,,f,t,INSTRUCTOR,TECH,Venkatesh Pitchumani,"{""Training Institute""}",needs_review,,,,,,,f,,,f,tech,,in_training,f,
466,,3dd34c608e9a48a59bd0ba6abb5dffa9,Udita Dubey,,,,,,,,,,,,,,f,t,INSTRUCTOR,TECH,Venkatesh Pitchumani,{GMRIT},needs_review,,,,,,,f,,,f,tech,,deployed,f,
452,,07344234ded5434888af877a4948ec9c,Apoorva Puppala,,,,,,,,,,,,,,f,t,CENTRAL_INSTRUCTOR,TECH,Naga Venkata Dasaradhi Nunna,"{""Training Institute""}",needs_review,,,,,,,f,,,f,tech,,in_training,f,
448,,6bb92ca43d5a4546b69a2dbd7cf9b39f,V. Likhitha,,,,,,,,,,,,,,f,t,CENTRAL_INSTRUCTOR,TECH,Venkatesh Pitchumani,"{""Training Institute""}",needs_review,,,,,,,f,,,f,tech,,in_training,f,
465,,93c6ec1863c041a595c630bfbf5a872d,Raavi Varun Guptha,,,,,,,,,,,,,,f,t,CENTRAL_INSTRUCTOR,TECH,Naga Venkata Dasaradhi Nunna,"{""Training Institute""}",needs_review,,,,,,,f,,,f,tech,,in_training,f,
435,,275ea1b2f24c4fbabb0622bf1a46fb93,Kavuri Prathibha,,,,,,,,,,,,,,f,t,CENTRAL_INSTRUCTOR,TECH,Naga Venkata Dasaradhi Nunna,"{""SMR University""}",needs_review,,,,,,,f,,,f,tech,,deployed,f,
461,,8cc3d40c994d426ba893ad35ab85d985,RajKumarRoul,,,,,,,,,,,,,,f,t,CENTRAL_INSTRUCTOR,TECH,Venkatesh Pitchumani,"{""Yenapoya University Banglore""}",needs_review,,,,,,,f,,,f,tech,,deployed,f,
453,,c0ff2c68b131446597ac6eb9ffe659cf,Anisha,,,,,,,,,,,,,,f,t,INSTRUCTOR,TECH,Venkatesh Pitchumani,"{""Training Institute""}",needs_review,,,,Possible match: Anusha M (63% confidence). Review before merging.,,,f,,,f,tech,,in_training,f,
407,,cd1caf23be3d47428e9eb5550ca0ca40,Nitish Kumar dameruppula,,,,,,,,,,,,,,f,t,CENTRAL_INSTRUCTOR,TECH,Venkatesh Pitchumani,"{""Malla Reddy Vishwavidyapeeth""}",needs_review,,,,,,,f,,,f,tech,,deployed,f,
490,,7ef3b3687c12444d83f7dbfe06c0c801,Arun Kumar,,,,,,,,,,,,,,f,t,CENTRAL_INSTRUCTOR,TECH,Venkatesh Pitchumani,"{""Vivekananda global University""}",needs_review,,,,Possible match: Amit Kumar (70% confidence). Review before merging.,,,f,,,f,tech,,deployed,f,
481,,d2a4eeb50ac74ae48cc51c63574713fa,RAMSHETTI SAI KUMAR,,,,,,,,,,,,,,f,t,INSTRUCTOR,TECH,Venkatesh Pitchumani,"{""A Dy Patil University""}",needs_review,,,,,,,f,,,f,tech,,deployed,f,
472,,b2d77c11fb924a5fb4180e05abab18c1,Akhila,,,,,,,,,,,,,,f,t,CENTRAL_INSTRUCTOR,TECH,Venkatesh Pitchumani,"{""Chaitanya Deemed-to-be University""}",needs_review,,,,Possible match: Akhil (83% confidence). Review before merging.,,,f,,,f,tech,,deployed,f,
504,,d06dc6f5d0134706b7f9657d19dd0d69,Sai kiran,,,,,,,,,,,,,,f,t,CENTRAL_INSTRUCTOR,TECH,Venkatesh Pitchumani,"{""Chaitanya Deemed-to-be University""}",needs_review,,,,,,,f,,,f,tech,,deployed,f,
476,,9998ab2ef9e74d548772d1becb257524,Sanjana M S,,,,,,,,,,,,,,f,t,CENTRAL_INSTRUCTOR,TECH,Naga Venkata Dasaradhi Nunna,"{""Training Institute""}",needs_review,,,,Possible match: Sanjana D (73% confidence). Review before merging.,,,f,,,f,tech,,in_training,f,
495,,c9f8a788d19e41349aa961f1c72381c0,VulpeHarini,,,,,,,,,,,,,,f,t,INSTRUCTOR,TECH,Venkatesh Pitchumani,"{""Training Institute""}",needs_review,,,,,,,f,,,f,tech,,in_training,f,
493,,d3a512e4730547b894c3226a0bd2676f,HEMAVAISHNAVI R,,,,,,,,,,,,,,f,t,CENTRAL_INSTRUCTOR,TECH,Naga Venkata Dasaradhi Nunna,"{""Training Institute""}",needs_review,,,,,,,f,,,f,tech,,in_training,f,
489,,2e1102c157ee425c86574a7c985232ea,Potnuru Mahesh,,,,,,,,,,,,,,f,t,CENTRAL_INSTRUCTOR,TECH,Venkatesh Pitchumani,"{""Training Institute""}",needs_review,,,,,,,f,,,f,tech,,in_training,f,
478,,3fa8d728baab4b688625b1d2ea7de3b0,Pujit A C,,,,,,,,,,,,,,f,t,CENTRAL_INSTRUCTOR,TECH,Naga Venkata Dasaradhi Nunna,"{""Training Institute""}",needs_review,,,,,,,f,,,f,tech,,in_training,f,
473,,1907fa213ad34b839fff7302248a3b26,E Sindhu,,,,,,,,,,,,,,f,t,CENTRAL_INSTRUCTOR,TECH,Venkatesh Pitchumani,"{""Chaitanya Deemed-to-be University""}",needs_review,,,,,,,f,,,f,tech,,deployed,f,
432,,fda5331a720241a38685507026c94455,Annan sadr,,,,,,,,,,,,,,f,t,CENTRAL_INSTRUCTOR,TECH,Venkatesh Pitchumani,"{""Sushant University""}",payroll_converted,,,,,payroll_converted,Confirmed against uploaded payroll reference file,f,,,f,tech,,deployed,t,
531,,e4d7b9ddb53d4d2dbe4a6d5a9786a4d4,Venkatesh Pitchumani,,,,,,,,,,,,,,f,t,INSTRUCTOR,TECH,Venkatesh Pitchumani,"{""Training Institute""}",needs_review,,,,,,,f,,,f,tech,,in_training,f,
520,,e61eed145f8a467aaddc551171de4af0,Naveen Panaganti,,,,,,,,,,,,,,f,t,CENTRAL_INSTRUCTOR,TECH,Naga Venkata Dasaradhi Nunna,"{""Training Institute""}",needs_review,,,,,,,f,,,f,tech,,in_training,f,
513,,4a46e486d0ca4fc980d35acae2b89b2f,Arpita,,,,,,,,,,,,,,f,t,CENTRAL_INSTRUCTOR,TECH,Venkatesh Pitchumani,"{""Training Institute""}",needs_review,,,,,,,f,,,f,tech,,in_training,f,
543,,27f8ae7eb3a54bb9b29d09c6409b2f55,Mihir Vinod Bramhane,,,,,,,,,,,,,,f,t,CENTRAL_INSTRUCTOR,TECH,Naga Venkata Dasaradhi Nunna,"{""Alard University""}",needs_review,,,,,,,f,,,f,tech,,deployed,f,
519,,828a551d1f4d4d9284b60f1ac831a3b3,Madas Shravya,,,,,,,,,,,,,,f,t,INSTRUCTOR,TECH,Venkatesh Pitchumani,"{""Chaitanya Deemed-to-be University""}",needs_review,,,,,,,f,,,f,tech,,deployed,f,
525,,9ee66aa5a3954915ab7ba66979616a37,Irlapati Avinash,,,,,,,,,,,,,,f,t,INSTRUCTOR,TECH,Venkatesh Pitchumani,"{""Chaitanya Deemed-to-be University""}",needs_review,,,,,,,f,,,f,tech,,deployed,f,
528,,2154c14e09ea497697f76f01f2769644,Rahul Prasad,,,,,,,,,,,,,,f,t,CENTRAL_INSTRUCTOR,TECH,Venkatesh Pitchumani,"{""Training Institute""}",needs_review,,,,,,,f,,,f,tech,,in_training,f,
546,,ce734a83ef994755ae71715e5746ab59,V Swetha,,,,,,,,,,,,,,f,t,INSTRUCTOR,TECH,Naga Venkata Dasaradhi Nunna,"{""Training Institute""}",needs_review,,,,,,,f,,,f,tech,,in_training,f,
55,,0f8aedb9a96f420ba69df2a350854f76,Akriti Gobhil,,,,,,,,,,,,,,f,t,CENTRAL_INSTRUCTOR,TECH,Venkatesh Pitchumani,"{""Alard University""}",needs_review,,,,,,,f,,,f,tech,,deployed,f,
550,,aaf518c6144342a2b9d82c4c25ece4d6,CH.SAI VAMSI,,,,,,,,,,,,,,f,t,CENTRAL_INSTRUCTOR,TECH,Venkatesh Pitchumani,"{""Chaitanya Deemed-to-be University""}",needs_review,,,,,,,f,,,f,tech,,deployed,f,
568,,a1970e18dc8648e09135c67adc3d4c9f,P Vijay,,,,,,,,,,,,,,f,t,INSTRUCTOR,TECH,Venkatesh Pitchumani,{GMRIT},needs_review,,,,Possible match: M Vijay (86% confidence). Review before merging.,,,f,,,f,tech,,deployed,f,
576,,0fcea827d80540da8fee5cffa4a81dad,Shikha Pandey,,,,,,,,,,,,,,f,t,CENTRAL_INSTRUCTOR,TECH,Naga Venkata Dasaradhi Nunna,"{""Nxtwave Institute of Advanced Technologies""}",needs_review,,,,Possible match: Nihal pandey (69% confidence). Review before merging.,,,f,,,f,tech,,deployed,f,
582,,db549563a761420c81bb6bdbdbc64d2f,Mohammed Idris,,,,,,,,,,,,,,f,t,CENTRAL_INSTRUCTOR,TECH,Naga Venkata Dasaradhi Nunna,"{""Joy University""}",needs_review,,,,,,,f,,,f,tech,,deployed,f,
578,,52c340ceee7545d58060ad55ac2ed5b4,Varsha,,,,,,,,,,,,,,f,t,CENTRAL_INSTRUCTOR,TECH,Venkatesh Pitchumani,"{""Joy University""}",needs_review,,,,Possible match: varshini (63% confidence). Review before merging.,,,f,,,f,tech,,deployed,f,
565,,e194e1d8f1cd42068eb3a845cf27dc8c,PARISHAPOGU KARTHIK,,,,,,,,,,,,,,f,t,INSTRUCTOR,TECH,Venkatesh Pitchumani,"{""Training Institute""}",needs_review,,,,,,,f,,,f,tech,,in_training,f,
554,,ba5f2f703f6845b9b4b6b9d9a11b6064,Maddukuri Sai Sri Rama Sanjeev Kumar,,,,,,,,,,,,,,f,t,INSTRUCTOR,TECH,Naga Venkata Dasaradhi Nunna,"{""Intensive Offline DC""}",needs_review,,,,,,,f,,,f,tech,,deployed,f,
40,,69ace2cd1b71486db10b1b2f23f90dfb,Hari Krishna Puripanda,,,,,,,,,,,,,,f,t,CENTRAL_INSTRUCTOR,TECH,Naga Venkata Dasaradhi Nunna,{GMRIT},needs_review,,,,,,,f,,,f,tech,,deployed,f,
569,,be99c41b1433411b885ae04bfc81fab1,N D Hemant,,,,,,,,,,,,,,f,t,INSTRUCTOR,TECH,Naga Venkata Dasaradhi Nunna,{AMET},needs_review,,,,,,,f,,,f,tech,,deployed,f,
567,,61355eb569b74749ab456e6ae1eea630,Prabhath H,,,,,,,,,,,,,,f,t,INSTRUCTOR,TECH,Venkatesh Pitchumani,"{""Takshasila University""}",needs_review,,,,,,,f,,,f,tech,,deployed,f,
552,,a8dae43039da445284b58fa6adcfbeca,Pedaballi Om Prakash Reddy,,,,,,,,,,,,,,f,t,CENTRAL_INSTRUCTOR,TECH,Naga Venkata Dasaradhi Nunna,"{""Training Institute""}",needs_review,,,,,,,f,,,f,tech,,in_training,f,
561,,d3acaa3115c64c0ca377d64d6c675e94,Pallavi B,,,,,,,,,,,,,,f,t,INSTRUCTOR,TECH,Venkatesh Pitchumani,"{""Alard University""}",needs_review,,,,,,,f,,,f,tech,,deployed,f,
573,,bc407fef68504911baa23582981eb000,Govardhan Reddy H,,,,,,,,,,,,,,f,t,CENTRAL_INSTRUCTOR,TECH,Naga Venkata Dasaradhi Nunna,"{""Training Institute""}",needs_review,,,,,,,f,,,f,tech,,in_training,f,
532,,7157065f885e4abd8aaaa68aa7597fa6,Doddigarla Joel Prashanth,,,,,,,,,,,,,,f,t,CENTRAL_INSTRUCTOR,TECH,Venkatesh Pitchumani,"{""Aurora University""}",payroll_converted,,,,,payroll_converted,Confirmed against uploaded payroll reference file,f,,,f,tech,,deployed,t,
559,,10d5d4c127c2460bb9112114294f9b59,Riddhim,,,,,,,,,,,,,,f,t,CENTRAL_INSTRUCTOR,TECH,Venkatesh Pitchumani,"{""Sushant University""}",payroll_converted,,,,,payroll_converted,Confirmed against uploaded payroll reference file,f,,,f,tech,,deployed,t,
353,,f5d05a45521b4f1c92a38776c4d6479d,Naini Sravani,,,,,,,,,,,,,,f,t,CENTRAL_INSTRUCTOR,TECH,Venkatesh Pitchumani,"{""Malla Reddy Vishwavidyapeeth""}",needs_review,,,,,,,f,,,f,tech,,deployed,f,
455,,667e2451df834a0bb7fe66f62706f687,Siddardha Pedada,,,,,,,,,,,,,,f,t,INSTRUCTOR,TECH,Venkatesh Pitchumani,"{""Training Institute""}",needs_review,,,,,,,f,,,f,tech,,in_training,f,
604,,48204f68680a4b3ca282cda5b5b43166,Srishti Suhas Shetty,,,,,,,,,,,,,,f,t,CENTRAL_INSTRUCTOR,TECH,Venkatesh Pitchumani,"{""Training Institute""}",needs_review,,,,,,,f,,,f,tech,,in_training,f,
529,,3553f9a1cd244f459480c3ee2113a2cc,PIRADI BHASKAR SATYA DURGA GANESH,,,,,,,,,,,,,,f,t,CENTRAL_INSTRUCTOR,TECH,Venkatesh Pitchumani,"{""Training Institute""}",needs_review,,,,,,,f,,,f,tech,,in_training,f,
596,,9eeb87dcc3b040efacd813712e39a6fd,Pamarthi Urmila,,,,,,,,,,,,,,f,t,INSTRUCTOR,TECH,Venkatesh Pitchumani,"{""Training Institute""}",needs_review,,,,,,,f,,,f,tech,,in_training,f,
96,,df1de62e1b0843fb920a1bba7d74f441,Siddharth Basavaraju,,,,,,,,,,,,,,f,t,INSTRUCTOR,TECH,Venkatesh Pitchumani,"{""Chaitanya Deemed-to-be University""}",needs_review,,,,,,,f,,,f,tech,,deployed,f,
601,,0275e008486244b1bafa78e80904050d,Poreddy Tharuni,,,,,,,,,,,,,,f,t,INSTRUCTOR,TECH,Venkatesh Pitchumani,"{""Intensive Offline DC""}",needs_review,,,,,,,f,,,f,tech,,deployed,f,
616,,c5bf1f1d6ff242a9bb48ee095fb358ef,Voppangi Sai Prasanna,,,,,,,,,,,,,,f,t,INSTRUCTOR,TECH,Venkatesh Pitchumani,"{""Training Institute""}",needs_review,,,,,,,f,,,f,tech,,in_training,f,
613,,f55a940e276d424aa024ec25d879e6f2,Naga Venkata Dasaradhi Nunna,,,,,,,,,,,,,,f,t,INSTRUCTOR,TECH,Venkatesh Pitchumani,"{""Training Institute""}",needs_review,,,,,,,f,,,f,tech,,in_training,f,
401,,ed1529bc580344ddb1c2d6ea60fe1a5f,Bontha Naveen,,,,,,,,,,,,,,f,t,CENTRAL_INSTRUCTOR,TECH,Naga Venkata Dasaradhi Nunna,"{""Training Institute""}",needs_review,,,,Possible match: BANAVATH NAVEENA (63% confidence). Review before merging.,,,f,,,f,tech,,in_training,f,
219,,d8d4d4cfb1d044a2ab9dec352cda97a2,Rakesh Kumar,,,,,,,,,,,,,,f,t,CENTRAL_INSTRUCTOR,TECH,Venkatesh Pitchumani,"{""Yenapoya University Banglore""}",needs_review,,,,Possible match: Praveen Kumar (69% confidence). Review before merging.,,,f,,,f,tech,,deployed,f,
615,,33c10fdb72bc4f6e913fbf3ccd8349b9,Velaga Syam,,,,,,,,,,,,,,f,t,CENTRAL_INSTRUCTOR,TECH,Venkatesh Pitchumani,"{""Training Institute""}",needs_review,,,,,,,f,,,f,tech,,in_training,f,
625,,0a2d27c81c814827bfd02d7ddaaa312c,Garlapati Prudhvi Raj,,,,,,,,,,,,,,f,t,INSTRUCTOR,TECH,Venkatesh Pitchumani,"{""Training Institute""}",needs_review,,,,,,,f,,,f,tech,,in_training,f,
623,,b272d701ad7148d788a17e6b940c2801,Kritee Talukdar,,,,,,,,,,,,,,f,t,CENTRAL_INSTRUCTOR,TECH,Venkatesh Pitchumani,"{""Training Institute""}",needs_review,,,,,,,f,,,f,tech,,in_training,f,
16,NW0007275,,Tanvi Desai,tanvidesai@edtech.example,,2026-07-24,Instructors,Academic Delivery,Instructor,,,,,,,Active,t,f,,,,{},active,,2026-08-08,,,,,f,,,f,,,,f,
15,NW0007274,,Harish Patel,harishpatel@edtech.example,,2026-08-20,Instructors,Career Services,Career Coach,,,,,,,Active,t,f,,,,{},active,,2026-08-08,,,,,f,,,f,,,,f,
612,,a382f6a0abb74d74b728029e09667194,Harshitha,,,,,,,,,,,,,,f,t,INSTRUCTOR,TECH,Sireesha,"{""Intensive Offline DC""}",needs_review,,,,Possible match: Haritha (78% confidence). Review before merging.,,,f,,,f,tech,,deployed,f,
5,NW0007264,t-05,Neha Verma,nehaverma@edtech.example,,2026-06-18,Instructors,University Programs,Senior Instructor,,,,,,,Active,t,f,,,,{},active,,2026-08-08,,,,,f,,,f,,,,f,
12,NW0007271,t-12,Ananya Kulkarni,ananyakulkarni@edtech.example,,2025-10-01,Instructors,University Programs,Instructor,,,,,,,Active,t,f,,,,{},active,,2026-08-08,,,,,f,,,f,,,,f,
4,NW0007263,t-04,Kunal Sethi,kunalsethi@edtech.example,,2026-07-11,Instructors,Academic Delivery,Instructor,,,,,,,Active,t,f,,,,{},active,,2026-08-08,,,,,f,,,f,,,,f,
583,,1ae3e0b8ca2d4f71adf3bcddb9e05bd4,Yash Kumar,,,,,,,,,,,,,,f,t,CENTRAL_INSTRUCTOR,TECH,Naga Venkata Dasaradhi Nunna,"{""Geeta University""}",needs_review,,,,Possible match: Rakesh Kumar (75% confidence). Review before merging.,,,f,,,f,tech,,deployed,f,
624,,0a86cd57aa6d472ab743addf17105dd3,Ameena,,,,,,,,,,,,,,f,t,INSTRUCTOR,TECH,Sireesha,"{""Intensive Offline DC""}",needs_review,,,,,,,f,,,f,tech,,deployed,f,
611,,5666ab2182024b04b2f017a4571671da,Meka Sri Satya Prudhvi Charan,,,,,,,,,,,,,,f,t,CENTRAL_INSTRUCTOR,TECH,Naga Venkata Dasaradhi Nunna,"{""Training Institute""}",needs_review,,,,,,,f,,,f,tech,,in_training,f,
610,,edc6ec5d261c4a869cd3d3a6c07dc1e8,Harika Kurpathi,,,,,,,,,,,,,,f,t,INSTRUCTOR,TECH,Sireesha,"{""Intensive Offline DC""}",needs_review,,,,,,,f,,,f,tech,,deployed,f,
609,,18bfdd23f3d54a999b4432d4d865e386,Lakshmidevi thirupati,,,,,,,,,,,,,,f,t,INSTRUCTOR,TECH,Venkatesh Pitchumani,"{""Training Institute""}",needs_review,,,,,,,f,,,f,tech,,in_training,f,
587,,759243ce741e46219147203f86a77251,Ajay Kumar Maharana,,,,,,,,,,,,,,f,t,CENTRAL_INSTRUCTOR,TECH,Venkatesh Pitchumani,"{""A Dy Patil University""}",payroll_converted,,,,,payroll_converted,Confirmed against uploaded payroll reference file,f,,,f,tech,,deployed,t,
298,,af6c8f99537f4fbc9bffd14caf0ee85c,Muskan,,,,,,,,,,,,,,f,t,CENTRAL_INSTRUCTOR,TECH,Venkatesh Pitchumani,"{""Aurora University""}",needs_review,,,,,,,f,,,f,tech,,deployed,f,
363,,e0d45549b9454db5ba7e21477fcf0ed4,Pinniboina Sriram Yadav,,,,,,,,,,,,,,f,t,CENTRAL_INSTRUCTOR,TECH,Naga Venkata Dasaradhi Nunna,"{""Training Institute""}",needs_review,,,,,,,f,,,f,tech,,in_training,f,
332,,1bc4edc145374c1abcca7b835e2da306,Uday,,,,,,,,,,,,,,f,t,CENTRAL_INSTRUCTOR,TECH,Venkatesh Pitchumani,"{""Chalapathy (CITY)""}",needs_review,,,,,,,f,,,f,tech,,deployed,f,
443,,712382192df34ac0b3ba8a22f87713e5,Riya Rai,,,,,,,,,,,,,,f,t,INSTRUCTOR,TECH,Venkatesh Pitchumani,"{""Training Institute""}",needs_review,,,,,,,f,,,f,tech,,in_training,f,
406,,70f8fcc2e21641f79e55ceb31e3fb5f1,Pratik Oza,,,,,,,,,,,,,,f,t,CENTRAL_INSTRUCTOR,TECH,Venkatesh Pitchumani,"{""Training Institute""}",needs_review,,,,,,,f,,,f,tech,,in_training,f,
592,,ba80ff189f19448d92cd7f6ee5891c04,R M HARIKA ROYAL,,,,,,,,,,,,,,f,t,CENTRAL_INSTRUCTOR,TECH,Naga Venkata Dasaradhi Nunna,{S-VYASA},needs_review,,,,,,,f,,,f,tech,,deployed,f,
487,,4c5e1530adde404492ddde672fa558c9,Lekhya Kondaveeti,,,,,,,,,,,,,,f,t,INSTRUCTOR,TECH,Venkatesh Pitchumani,"{""Nxtwave Institute of Advanced Technologies""}",needs_review,,,,,,,f,,,f,tech,,deployed,f,
535,,c62ea62b20804609948ab5a27ab95b34,Buvaneswaran Amaresan,,,,,,,,,,,,,,f,t,CENTRAL_INSTRUCTOR,TECH,Naga Venkata Dasaradhi Nunna,"{""Training Institute""}",needs_review,,,,,,,f,,,f,tech,,in_training,f,
265,,c3dfdadc3f8a4216bc9ea4632246ac83,Prashant Sahu,,,,,,,,,,,,,,f,t,CENTRAL_INSTRUCTOR,TECH,Naga Venkata Dasaradhi Nunna,"{""Training Institute""}",needs_review,,,,,,,f,,,f,tech,,in_training,f,
262,,d13f249c5dde4dd2a0b2eeeb7dc67820,Soumya Darua,,,,,,,,,,,,,,f,t,CENTRAL_INSTRUCTOR,TECH,Venkatesh Pitchumani,"{""NSRIT University""}",needs_review,,,,,,,f,,,f,tech,,deployed,f,
315,,dd196a3d4e284e818e1b01acf9d48736,Zehra Rizvi,,,,,,,,,,,,,,f,t,INSTRUCTOR,TECH,Venkatesh Pitchumani,"{""Intensive Offline DC""}",needs_review,,,,,,,f,,,f,tech,,deployed,f,
296,,4fc1a7e5ce3241aba28dd5e9cf6f6e1d,Amjuri Manikanta Swamy,,,,,,,,,,,,,,f,t,CENTRAL_INSTRUCTOR,TECH,Venkatesh Pitchumani,"{""NSRIT University""}",needs_review,,,,,,,f,,,f,tech,,deployed,f,
324,,b067732a6924401797654771dcaa156a,Sai Supriya Bodla,,,,,,,,,,,,,,f,t,CENTRAL_INSTRUCTOR,TECH,Venkatesh Pitchumani,"{""Malla Reddy University""}",needs_review,,,,,,,f,,,f,tech,,deployed,f,
608,,7baa38f8b92e4666a22ac4e83054eead,Saiteja Jilloju,,,,,,,,,,,,,,f,t,INSTRUCTOR,TECH,Venkatesh Pitchumani,"{""Training Institute""}",needs_review,,,,,,,f,,,f,tech,,in_training,f,
392,,df0a4009b3284abe91eb723541d6b712,HARISH KHAN,,,,,,,,,,,,,,f,t,INSTRUCTOR,TECH,Venkatesh Pitchumani,"{""Training Institute""}",needs_review,,,,Possible match: Farhan Khan (64% confidence). Review before merging.,,,f,,,f,tech,,in_training,f,
399,,2d6e413db4854d6986e30e79d884b9c4,Haritha,,,,,,,,,,,,,,f,t,CENTRAL_INSTRUCTOR,TECH,Venkatesh Pitchumani,"{""Training Institute""}",needs_review,,,,Possible match: Saritha B (67% confidence). Review before merging.,,,f,,,f,tech,,in_training,f,
482,,d9af5c81bf314446a47f962ed192f78f,Sankineni Ganesh,,,,,,,,,,,,,,f,t,INSTRUCTOR,TECH,Venkatesh Pitchumani,"{""Training Institute""}",needs_review,,,,,,,f,,,f,tech,,in_training,f,
524,,56efdebe2faa4de79455e07101f976b7,Vibisha,,,,,,,,,,,,,,f,t,CENTRAL_INSTRUCTOR,TECH,Venkatesh Pitchumani,{AMET},needs_review,,,,,,,f,,,f,tech,,deployed,f,
491,,9cab62f7d20d4cb3a7d613f76be3f363,Banavathu Prasanth Kumar,,,,,,,,,,,,,,f,t,CENTRAL_INSTRUCTOR,TECH,Naga Venkata Dasaradhi Nunna,"{""Training Institute""}",needs_review,,,,,,,f,,,f,tech,,in_training,f,
570,,c83262615a3a45d8a0f8807a4ec4d890,Kavya Rajiv Kurup,,,,,,,,,,,,,,f,t,CENTRAL_INSTRUCTOR,TECH,Venkatesh Pitchumani,"{""Nxtwave Institute of Advanced Technologies""}",needs_review,,,,,,,f,,,f,tech,,deployed,f,
586,,6846bfd260bc496f90314b51394053fe,Vuyyuri Shanmukh Sri Sai,,,,,,,,,,,,,,f,t,CENTRAL_INSTRUCTOR,TECH,Naga Venkata Dasaradhi Nunna,"{""Aurora University""}",needs_review,,,,,,,f,,,f,tech,,deployed,f,
544,,e353dfab1e3b40beb9e8d26c01c0b41c,Sneha Barmaiya,,,,,,,,,,,,,,f,t,CENTRAL_INSTRUCTOR,TECH,Naga Venkata Dasaradhi Nunna,{AMET},needs_review,,,,,,,f,,,f,tech,,deployed,f,
589,,a4d9d3ebad804a76b729e142982a4dbd,Sourav Chatterjee,,,,,,,,,,,,,,f,t,CENTRAL_INSTRUCTOR,TECH,Venkatesh Pitchumani,"{""A Dy Patil University""}",needs_review,,,,,,,f,,,f,tech,,deployed,f,
618,,3c9ee9bfef924131932f0d8a2eba4d09,Afsha,,,,,,,,,,,,,,f,t,INSTRUCTOR,TECH,Sireesha,"{""Intensive Offline DC""}",needs_review,,,,Possible match: Anisha (67% confidence). Review before merging.,,,f,,,f,tech,,deployed,f,
560,,94adcfe40019453dae3352eef92f2c47,Nitin Singh,,,,,,,,,,,,,,f,t,INSTRUCTOR,TECH,Venkatesh Pitchumani,"{""Training Institute""}",needs_review,,,,Possible match: Kabir Singh (64% confidence). Review before merging.,,,f,,,f,tech,,in_training,f,
617,,938aa84f051648b8b759b7ab4e4bcaf0,Dr Dr Gopinath,,,,,,,,,,,,,,f,t,CENTRAL_INSTRUCTOR,TECH,Venkatesh Pitchumani,"{""Aurora University""}",payroll_converted,,,,,payroll_converted,"User override — not matched in payroll reference file either; placeholder-style employee id, will likely never resolve against Darwin data",f,,,f,tech,,deployed,f,
278,,5d8cacdce46748b58128f77577805941,Mohan Sai Daggumati,,,,,,,,,,,,,,f,t,CENTRAL_INSTRUCTOR,TECH,Venkatesh Pitchumani,"{""Training Institute""}",needs_review,,,,,,,f,,,f,tech,,in_training,f,
397,,8f16411bc94748fdb6853233bc45e0cb,Gautam Rathore,,,,,,,,,,,,,,f,t,CENTRAL_INSTRUCTOR,TECH,Naga Venkata Dasaradhi Nunna,"{""A Dy Patil University""}",needs_review,,,,,,,f,,,f,tech,,deployed,f,
310,,24cacca57bc74bcd8871dbe28922bfe6,Dinesh Gupta,,,,,,,,,,,,,,f,t,CENTRAL_INSTRUCTOR,TECH,Venkatesh Pitchumani,"{""A Dy Patil University""}",needs_review,,,,,,,f,,,f,tech,,deployed,f,
456,,30fa47820f4b4dccb9e974cd8fbb3965,Neralwar Alekhya,,,,,,,,,,,,,,f,t,CENTRAL_INSTRUCTOR,TECH,Venkatesh Pitchumani,"{""Training Institute""}",needs_review,,,,,,,f,,,f,tech,,in_training,f,
251,,0ac1572b152f4c2c9f4996994e4e5174,Vikas Akula,,,,,,,,,,,,,,f,t,INSTRUCTOR,TECH,Venkatesh Pitchumani,"{""Training Institute""}",needs_review,,,,,,,f,,,f,tech,,in_training,f,
252,,05f6f509aa1149c09fa0c1a7e6159f48,Gollapalli Venkata Ramu,,,,,,,,,,,,,,f,t,CENTRAL_INSTRUCTOR,TECH,Venkatesh Pitchumani,{NRI},needs_review,,,,,,,f,,,f,tech,,deployed,f,
285,,50b84e5b3c6e4307b4598d98d6599100,Siddharth Avusula,,,,,,,,,,,,,,f,t,INSTRUCTOR,TECH,Venkatesh Pitchumani,"{""Training Institute""}",needs_review,,,,,,,f,,,f,tech,,in_training,f,
319,,40f3a8be2e4647c9970174348035262f,Ruchitha Ensaram,,,,,,,,,,,,,,f,t,INSTRUCTOR,TECH,Venkatesh Pitchumani,"{""Training Institute""}",needs_review,,,,,,,f,,,f,tech,,in_training,f,
293,,f292e62d65604be1b5ffa4d2c899783a,Ansik Aryan Samal,,,,,,,,,,,,,,f,t,INSTRUCTOR,TECH,Venkatesh Pitchumani,"{""Training Institute""}",needs_review,,,,,,,f,,,f,tech,,in_training,f,
337,,72005e8c777c472d8db400eda8d5d9b0,Kusuma M N,,,,,,,,,,,,,,f,t,CENTRAL_INSTRUCTOR,TECH,Venkatesh Pitchumani,{S-VYASA},needs_review,,,,,,,f,,,f,tech,,deployed,f,
336,,43a85d040af94b16b45ea3ccf49c2975,Faris Muhammed,,,,,,,,,,,,,,f,t,INSTRUCTOR,TECH,Venkatesh Pitchumani,"{""Takshasila University""}",needs_review,,,,,,,f,,,f,tech,,deployed,f,
348,,7f8d1d207d3743ab8006ef96f2f69ff8,Ayushi Pandey,,,,,,,,,,,,,,f,t,CENTRAL_INSTRUCTOR,TECH,Venkatesh Pitchumani,"{""Training Institute""}",needs_review,,,,,,,f,,,f,tech,,in_training,f,
387,,3205762a78a0478ca9fdcdc54f202a77,Shiuli Adhikari,,,,,,,,,,,,,,f,t,INSTRUCTOR,TECH,Venkatesh Pitchumani,"{""Noida International University""}",needs_review,,,,,,,f,,,f,tech,,deployed,f,
365,,d7e8251644b5408697961884e5499d61,Shweta Sanjay Shinde,,,,,,,,,,,,,,f,t,CENTRAL_INSTRUCTOR,TECH,Naga Venkata Dasaradhi Nunna,"{""A Dy Patil University""}",needs_review,,,,,,,f,,,f,tech,,deployed,f,
379,,c65b0156eaf746e38c56e207f4311bbb,G Preethi Karunya,,,,,,,,,,,,,,f,t,INSTRUCTOR,TECH,Venkatesh Pitchumani,"{""Chaitanya Deemed-to-be University""}",needs_review,,,,,,,f,,,f,tech,,deployed,f,
405,,0915ac2f76234c7b9420538e7507e233,Amit Kumar,,,,,,,,,,,,,,f,t,INSTRUCTOR,TECH,Venkatesh Pitchumani,"{""Training Institute""}",needs_review,,,,,,,f,,,f,tech,,in_training,f,
372,,be7b291ad716409092ae39c4fd3cfdfd,SurajNeerati,,,,,,,,,,,,,,f,t,CENTRAL_INSTRUCTOR,TECH,Venkatesh Pitchumani,"{""Chaitanya Deemed-to-be University""}",needs_review,,,,,,,f,,,f,tech,,deployed,f,
413,,8bcb6c2db8ad476a8c5a98980c222fe9,Modugumudi Jai Indra Teja,,,,,,,,,,,,,,f,t,CENTRAL_INSTRUCTOR,TECH,Venkatesh Pitchumani,"{""Training Institute""}",needs_review,,,,,,,f,,,f,tech,,in_training,f,
447,,344ec44841934165b71608ecf5c460ea,Shashwat Kaushik,,,,,,,,,,,,,,f,t,INSTRUCTOR,TECH,Venkatesh Pitchumani,"{""Training Institute""}",needs_review,,,,,,,f,,,f,tech,,in_training,f,
457,,93876f1af14e4f3ba5800ba7b2248474,Ayyappa,,,,,,,,,,,,,,f,t,INSTRUCTOR,TECH,Venkatesh Pitchumani,"{""Training Institute""}",needs_review,,,,,,,f,,,f,tech,,in_training,f,
468,,b6b8ec15b945456992bc5d5d6a75e9fa,Ramisetty Sravani,,,,,,,,,,,,,,f,t,INSTRUCTOR,TECH,Naga Venkata Dasaradhi Nunna,"{""Intensive Offline DC""}",needs_review,,,,,,,f,,,f,tech,,deployed,f,
479,,bd50753703fb445990b8984a91912bf7,Yadala Pavan Kumar,,,,,,,,,,,,,,f,t,INSTRUCTOR,TECH,Venkatesh Pitchumani,"{""Alard University""}",needs_review,,,,,,,f,,,f,tech,,deployed,f,
505,,48a79e9752e2494d82fb075452d80973,Anuron banik chowdhury,,,,,,,,,,,,,,f,t,CENTRAL_INSTRUCTOR,TECH,Venkatesh Pitchumani,"{""Vivekananda global University""}",needs_review,,,,,,,f,,,f,tech,,deployed,f,
209,,09ee59ebb20743a0b818e8c4f2a1c8b6,Vanam Saicharan,,,,,,,,,,,,,,f,t,CENTRAL_INSTRUCTOR,TECH,Naga Venkata Dasaradhi Nunna,"{""Training Institute""}",needs_review,,,,,,,f,,,f,tech,,in_training,f,
152,,08862426ec274fe1815b06833f4bc832,Samrat,,,,,,,,,,,,,,f,t,CENTRAL_INSTRUCTOR,TECH,Venkatesh Pitchumani,"{""Sushant University""}",needs_review,,,,,,,f,,,f,tech,,deployed,f,
130,,9c8d5d0f7b47401d88b0825c64d8d5a8,V. Sai Aditya Vangala,,,,,,,,,,,,,,f,t,INSTRUCTOR,TECH,Venkatesh Pitchumani,"{""Training Institute""}",needs_review,,,,,,,f,,,f,tech,,in_training,f,
164,,570786030a7f4c6da83bf9f577fc331c,Sangavi,,,,,,,,,,,,,,f,t,CENTRAL_INSTRUCTOR,TECH,Venkatesh Pitchumani,"{""Aurora University""}",needs_review,,,,,,,f,,,f,tech,,deployed,f,
156,,536360ae866d42c292c071f2dfc9f0f9,Partha Jyoti Cheleng,,,,,,,,,,,,,,f,t,CENTRAL_INSTRUCTOR,TECH,Naga Venkata Dasaradhi Nunna,{S-VYASA},needs_review,,,,,,,f,,,f,tech,,deployed,f,
185,,150bfc2f817742dda1d2648c6f09cc3a,Nuthi Yashwanth,,,,,,,,,,,,,,f,t,INSTRUCTOR,TECH,Venkatesh Pitchumani,"{""Training Institute""}",needs_review,,,,,,,f,,,f,tech,,in_training,f,
179,,63648e413ee04c02948d1fd0f23d7565,Nitish Kumar,,,,,,,,,,,,,,f,t,CENTRAL_INSTRUCTOR,TECH,Venkatesh Pitchumani,"{""Vivekananda global University""}",needs_review,,,,,,,f,,,f,tech,,deployed,f,
187,,358f88db5a0847f6b8e57d1aae151ec6,Bhukya Krishna Chaitanya,,,,,,,,,,,,,,f,t,INSTRUCTOR,TECH,Venkatesh Pitchumani,"{""Training Institute""}",needs_review,,,,,,,f,,,f,tech,,in_training,f,
200,,3b44bf38ec67455eaf75a6c49003cd7e,Nalla Suvarna,,,,,,,,,,,,,,f,t,CENTRAL_INSTRUCTOR,TECH,Venkatesh Pitchumani,"{""Crescent University""}",needs_review,,,,,,,f,,,f,tech,,deployed,f,
202,,dc1d95d3414c4125983140a5dfb31158,Ajay,,,,,,,,,,,,,,f,t,INSTRUCTOR,TECH,Venkatesh Pitchumani,"{""Subharti University""}",needs_review,,,,,,,f,,,f,tech,,deployed,f,
281,,4746c5666c494a9791a9235b1158e022,Subhranshu Nath Sharma,,,,,,,,,,,,,,f,t,INSTRUCTOR,TECH,Venkatesh Pitchumani,"{""Training Institute""}",needs_review,,,,,,,f,,,f,tech,,in_training,f,
267,,b0b574158fd24c71bc306db9f062bdf1,Sachit Rai,,,,,,,,,,,,,,f,t,INSTRUCTOR,TECH,Venkatesh Pitchumani,"{""Training Institute""}",needs_review,,,,,,,f,,,f,tech,,in_training,f,
514,,9fda3dcfe44d42fca7837186813fb925,Shreyansh Mishra,,,,,,,,,,,,,,f,t,CENTRAL_INSTRUCTOR,TECH,Venkatesh Pitchumani,"{""Vivekananda global University""}",needs_review,,,,,,,f,,,f,tech,,deployed,f,
588,,75eb5bf08d3d47a5bd0ce004756f55eb,Samyukth Maheta B,,,,,,,,,,,,,,f,t,CENTRAL_INSTRUCTOR,TECH,Venkatesh Pitchumani,"{""Crescent University""}",payroll_converted,,,,,payroll_converted,Confirmed against uploaded payroll reference file,f,,,f,tech,,deployed,t,
571,,e3fcd4664e6248a39334450721e741a8,Kathiravan N,,,,,,,,,,,,,,f,t,CENTRAL_INSTRUCTOR,TECH,Venkatesh Pitchumani,"{""Crescent University""}",payroll_converted,,,,,payroll_converted,Confirmed against uploaded payroll reference file,f,,,f,tech,,deployed,t,
429,,9a30a2e81af943bcaffce0c6ca1e340f,Anusha M,,,,,,,,,,,,,,f,t,CENTRAL_INSTRUCTOR,TECH,Venkatesh Pitchumani,"{""Crescent University""}",payroll_converted,,,,,payroll_converted,"Confirmed against uploaded payroll reference file (2026-08-29 upload, 61 entries)",f,,,f,tech,,deployed,t,
485,,db33c92e2f8d498a87b1d13a72a42870,Nikitha,,,,,,,,,,,,,,f,t,CENTRAL_INSTRUCTOR,TECH,Venkatesh Pitchumani,"{""Yenapoya University""}",payroll_converted,,,,Possible match: Ninitha H (67% confidence). Review before merging.,payroll_converted,Confirmed against uploaded payroll reference file,f,,,f,tech,,deployed,t,
360,,4fcdc59b427945cca896023ce05ebbfc,Mallidi Sai Rahul,,,,,,,,,,,,,,f,t,CENTRAL_INSTRUCTOR,TECH,Venkatesh Pitchumani,"{""Aurora University""}",payroll_converted,,,,,payroll_converted,Confirmed against uploaded payroll reference file,f,,,f,tech,,deployed,t,
349,,d1a635805ba543b7baa65918bea82549,Yugandhar Gurjalwar,,,,,,,,,,,,,,f,t,CENTRAL_INSTRUCTOR,TECH,Venkatesh Pitchumani,"{""Aurora University""}",payroll_converted,,,,,payroll_converted,Confirmed against uploaded payroll reference file,f,,,f,tech,,deployed,t,
241,,67894443787042528a81393f1d14c720,Shrinath Salunke,,,,,,,,,,,,,,f,t,CENTRAL_INSTRUCTOR,TECH,Venkatesh Pitchumani,"{""Sanjay Ghodawat University""}",payroll_converted,,,,,payroll_converted,"Name matched in uploaded payroll reference file (2026-08-29 upload), but that file lists employee_id NW0004108 for this name — conflicts with NW0006431 already resolved here via Darwin/TeachOS matching. Needs manual review to confirm which id is correct; left as NW0006431 for now.",f,,,f,tech,,deployed,t,
173,,a593ab0df8364358a56ac51373c52262,Karankot Sai Nithin,,,,,,,,,,,,,,f,t,INSTRUCTOR,TECH,Venkatesh Pitchumani,"{""Training Institute""}",needs_review,,,,,,,f,,,f,tech,,in_training,f,
188,,336fed6c926248a3b244e4ffff78ab93,Naresh Maruboina,,,,,,,,,,,,,,f,t,INSTRUCTOR,TECH,Venkatesh Pitchumani,"{""Training Institute""}",needs_review,,,,,,,f,,,f,tech,,in_training,f,
297,,632b03ab2b2f4775934f11437ac5b0c4,Narendar gajula,,,,,,,,,,,,,,f,t,CENTRAL_INSTRUCTOR,TECH,Venkatesh Pitchumani,"{""SMR University""}",needs_review,,,,,,,f,,,f,tech,,deployed,f,
304,,2e6538f5ed574ec3b383dfb1f8bf6462,Farhan Khan,,,,,,,,,,,,,,f,t,INSTRUCTOR,TECH,Venkatesh Pitchumani,"{""Training Institute""}",needs_review,,,,,,,f,,,f,tech,,in_training,f,
591,,bdd2dfccac1b4722846cf4ed874509c9,Rethaswi Boligala,,,,,,,,,,,,,,f,t,CENTRAL_INSTRUCTOR,TECH,Naga Venkata Dasaradhi Nunna,{S-VYASA},needs_review,,,,,,,f,,,f,tech,,deployed,f,
391,,9abf11ac7b27451f9c0765a1fca992de,Kosuri Yasvanth Sai Nihal,,,,,,,,,,,,,,f,t,INSTRUCTOR,TECH,Venkatesh Pitchumani,"{""Chaitanya Deemed-to-be University""}",needs_review,,,,,,,f,,,f,tech,,deployed,f,
103,,a2f1af91fb0a4447a8fbc5628c918399,M Nandhana,,,,,,,,,,,,,,f,t,CENTRAL_INSTRUCTOR,TECH,Venkatesh Pitchumani,"{""Training Institute""}",needs_review,,,,,,,f,,,f,tech,,in_training,f,
454,,4ecb0a1356cd46448ebe7d6a8f8109b7,Shafaque Nasim,,,,,,,,,,,,,,f,t,INSTRUCTOR,TECH,Venkatesh Pitchumani,"{""Training Institute""}",needs_review,,,,,,,f,,,f,tech,,in_training,f,
506,,682c83944c744e6f87e8cf7317ea788f,Gudiya Likhita,,,,,,,,,,,,,,f,t,CENTRAL_INSTRUCTOR,TECH,Venkatesh Pitchumani,"{""Chaitanya Deemed-to-be University""}",needs_review,,,,Possible match: Govada Likhith (64% confidence). Review before merging.,,,f,,,f,tech,,deployed,f,
539,,fd51a8b64e8a4f3abf2e4ee20f66e637,Akhil Kundena,,,,,,,,,,,,,,f,t,CENTRAL_INSTRUCTOR,TECH,Venkatesh Pitchumani,"{""Training Institute""}",needs_review,,,,,,,f,,,f,tech,,in_training,f,
515,,ce178ad16d994ccea24cc3e1ab93435d,Rishabh Shukla,,,,,,,,,,,,,,f,t,CENTRAL_INSTRUCTOR,TECH,Venkatesh Pitchumani,"{""Training Institute""}",needs_review,,,,,,,f,,,f,tech,,in_training,f,
590,,f1d71de64cfd4a7dab0fda751f4dc424,Kusuma T,,,,,,,,,,,,,,f,t,CENTRAL_INSTRUCTOR,TECH,Venkatesh Pitchumani,"{""Nxtwave Institute of Advanced Technologies""}",needs_review,,,,Possible match: Kusuma (75% confidence). Review before merging.,,,f,,,f,tech,,deployed,f,
458,,0fb01b4ca4d54c418d6cf30d70e7e0fc,Tannu Priya,,,,,,,,,,,,,,f,t,CENTRAL_INSTRUCTOR,TECH,Venkatesh Pitchumani,"{""Yenapoya University Banglore""}",needs_review,,,,,,,f,,,f,tech,,deployed,f,
433,,a7e1942d720942b1bf2f2284ae9951c8,Bussa Tharuni,,,,,,,,,,,,,,f,t,CENTRAL_INSTRUCTOR,TECH,Venkatesh Pitchumani,"{""Malla Reddy Vishwavidyapeeth""}",needs_review,,,,,,,f,,,f,tech,,deployed,f,
516,,b23465e6c5d045df86a573db2cf958e1,Govindwar Naga Lasya,,,,,,,,,,,,,,f,t,CENTRAL_INSTRUCTOR,TECH,Venkatesh Pitchumani,"{""Training Institute""}",needs_review,,,,,,,f,,,f,tech,,in_training,f,
290,,12cf5c69c108418aaf5d816ca61f4f8c,Gajula Tharun Kumar Royal,,,,,,,,,,,,,,f,t,INSTRUCTOR,TECH,Venkatesh Pitchumani,"{""Malla Reddy Vishwavidyapeeth""}",needs_review,,,,,,,f,,,f,tech,,deployed,f,
440,,3d52323f64964d83aa4bed9a163d7670,Surakattula Shyam Kumar,,,,,,,,,,,,,,f,t,CENTRAL_INSTRUCTOR,TECH,Venkatesh Pitchumani,"{""Training Institute""}",needs_review,,,,,,,f,,,f,tech,,in_training,f,
517,,1ac1759d52bf40e8b6cc68d78e690f56,Nampally Bhanu Prasad,,,,,,,,,,,,,,f,t,INSTRUCTOR,TECH,Venkatesh Pitchumani,"{""Training Institute""}",needs_review,,,,,,,f,,,f,tech,,in_training,f,
307,,061b79de1286472eb40a143335db7f48,Vinay R A,,,,,,,,,,,,,,f,t,CENTRAL_INSTRUCTOR,TECH,Venkatesh Pitchumani,"{""Yenapoya University""}",needs_review,,,,Possible match: Vinay Kalva (64% confidence). Review before merging.,,,f,,,f,tech,,deployed,f,
375,,4988cb4bc056433c86b3c45e37c3669d,Podili Sripoojitha,,,,,,,,,,,,,,f,t,INSTRUCTOR,TECH,Venkatesh Pitchumani,"{""SPIHER University Chennai""}",needs_review,,,,,,,f,,,f,tech,,deployed,f,
469,,2ddd4005a60e4eeabcc2268652a52ee5,Domala Venkata Vignan,,,,,,,,,,,,,,f,t,INSTRUCTOR,TECH,Venkatesh Pitchumani,"{""Training Institute""}",needs_review,,,,,,,f,,,f,tech,,in_training,f,
467,,df38e870421b41ba8f47492e9b98de78,Nallana Vikas,,,,,,,,,,,,,,f,t,CENTRAL_INSTRUCTOR,TECH,Venkatesh Pitchumani,"{""Intensive Offline DC""}",needs_review,,,,,,,f,,,f,tech,,deployed,f,
533,,b508c5966c704e31a32b40967c894b73,Dharavath Jayanth,,,,,,,,,,,,,,f,t,INSTRUCTOR,TECH,Venkatesh Pitchumani,"{""Training Institute""}",needs_review,,,,,,,f,,,f,tech,,in_training,f,
526,,d972a469fa7c436985fd8d717c371aa1,Tamada Anil Kumar,,,,,,,,,,,,,,f,t,CENTRAL_INSTRUCTOR,TECH,Venkatesh Pitchumani,"{""NIAT Chevella""}",needs_review,,,,,,,f,,,f,tech,,deployed,f,
585,,583cc5d68bbb4a74ad6e24bd46643992,Vignesh BK,,,,,,,,,,,,,,f,t,CENTRAL_INSTRUCTOR,TECH,Venkatesh Pitchumani,"{""NIAT Chevella""}",needs_review,,,,,,,f,,,f,tech,,deployed,f,
499,,f3de4250a15d475cbe8f6221e040803b,Jonnalagadda Kesava,,,,,,,,,,,,,,f,t,INSTRUCTOR,TECH,Venkatesh Pitchumani,"{""A Dy Patil University""}",needs_review,,,,,,,f,,,f,tech,,deployed,f,
563,,ccd4c4d058574fd0b5a9778b8840e98a,NANDHANA SURESH K,,,,,,,,,,,,,,f,t,INSTRUCTOR,TECH,Venkatesh Pitchumani,"{""Malla Reddy University""}",needs_review,,,,,,,f,,,f,tech,,deployed,f,
286,,fbe12ed2591a47418a9d06c0b813f36e,Sai Kumar Peddamodula,,,,,,,,,,,,,,f,t,INSTRUCTOR,TECH,Venkatesh Pitchumani,"{""Nxtwave Institute of Advanced Technologies""}",needs_review,,,,Possible match: Sai Kumar Pentala (71% confidence). Review before merging.,,,f,,,f,tech,,deployed,f,
509,,7579e99ee46d4b968c82922667af5a19,PRATIKSHA SINGH,,,,,,,,,,,,,,f,t,CENTRAL_INSTRUCTOR,TECH,Venkatesh Pitchumani,"{""Yenapoya University Banglore""}",needs_review,,,,Possible match: Manish Singh (67% confidence). Review before merging.,,,f,,,f,tech,,deployed,f,
400,,f2c8f81542884500b8693f871f17f758,Divya Hanuma Nandini Prattipati,,,,,,,,,,,,,,f,t,INSTRUCTOR,TECH,Venkatesh Pitchumani,"{""Chaitanya Deemed-to-be University""}",needs_review,,,,,,,f,,,f,tech,,deployed,f,
551,,ec054b995ca04c5eb6eb8c4f459d2294,Vamsi krishna Muttevi,,,,,,,,,,,,,,f,t,CENTRAL_INSTRUCTOR,TECH,Naga Venkata Dasaradhi Nunna,{NRI},needs_review,,,,,,,f,,,f,tech,,deployed,f,
313,,9a9b7ecfc00c472c95bd46ca4032fd4f,Sushant Bakshi,,,,,,,,,,,,,,f,t,CENTRAL_INSTRUCTOR,TECH,Venkatesh Pitchumani,"{""Noida International University""}",payroll_converted,,,,,payroll_converted,Confirmed against uploaded payroll reference file. NOTE (2026-08-29): a newer payroll file lists employee_id NW0003833 for this same name — conflicts with the NW2000461 already resolved here via Darwin/TeachOS matching. Needs manual review to confirm which id is correct; left as NW2000461 for now.,f,,,f,tech,,deployed,t,
295,,44eeccbc481f4afca861b0488a25bdd9,Anas Mustaqueem,,,,,,,,,,,,,,f,t,CENTRAL_INSTRUCTOR,TECH,Venkatesh Pitchumani,"{""Chaitanya Deemed-to-be University""}",needs_review,,,,,,,f,,,f,tech,,deployed,f,
232,,c89a02d7fd484024ba1c8f02d4555752,Pichika Chandu,,,,,,,,,,,,,,f,t,INSTRUCTOR,TECH,Venkatesh Pitchumani,"{""Training Institute""}",needs_review,,,,,,,f,,,f,tech,,in_training,f,
390,,a0a56ae68eb143308e6c520cda111c0b,Boddu Sheethal,,,,,,,,,,,,,,f,t,INSTRUCTOR,TECH,Venkatesh Pitchumani,"{""Training Institute""}",needs_review,,,,,,,f,,,f,tech,,in_training,f,
463,,ff621158c52a47fea96a1d2b2a4f36e1,Krishna Prasanna Yedida,,,,,,,,,,,,,,f,t,INSTRUCTOR,TECH,Venkatesh Pitchumani,"{""Chalapathy (CITY)""}",needs_review,,,,,,,f,,,f,tech,,deployed,f,
527,,0157b39477e9457e89ebd9752992a5e7,Jutu Shibajee Patra,,,,,,,,,,,,,,f,t,CENTRAL_INSTRUCTOR,TECH,Venkatesh Pitchumani,"{""Sandip University""}",needs_review,,,,,,,f,,,f,tech,,deployed,f,
523,,46ec0e9bedcb48808122fa33572f94ca,Sahanawaz Ali,,,,,,,,,,,,,,f,t,INSTRUCTOR,TECH,Venkatesh Pitchumani,"{""Chaitanya Deemed-to-be University""}",needs_review,,,,,,,f,,,f,tech,,deployed,f,
598,,fe111fd42a9f4e98ad22585245b28f46,Kaveri Chinnapaka Chinnapaka,,,,,,,,,,,,,,f,t,INSTRUCTOR,TECH,Venkatesh Pitchumani,"{""Training Institute""}",needs_review,,,,,,,f,,,f,tech,,in_training,f,
484,,d1cf0ce03f324edd88b502ab33d1d024,Krishnapriya Pradhan,,,,,,,,,,,,,,f,t,INSTRUCTOR,TECH,Venkatesh Pitchumani,{GMRIT},needs_review,,,,,,,f,,,f,tech,,deployed,f,
450,,c2d35702c79a4faea5cd76e9efe96509,G venkata yashaswi,,,,,,,,,,,,,,f,t,INSTRUCTOR,TECH,Venkatesh Pitchumani,"{""Annamacharya University""}",needs_review,,,,,,,f,,,f,tech,,deployed,f,
498,,b7e4433398994777a1d34df969c702ee,Shreya Rajesh Narayane,,,,,,,,,,,,,,f,t,CENTRAL_INSTRUCTOR,TECH,Naga Venkata Dasaradhi Nunna,"{""Sanjay Ghodawat University""}",needs_review,,,,,,,f,,,f,tech,,deployed,f,
294,,58ce3187ecf24543b7c8c215c315e218,K Harika,,,,,,,,,,,,,,f,t,CENTRAL_INSTRUCTOR,TECH,Venkatesh Pitchumani,"{""Nxtwave Institute of Advanced Technologies""}",needs_review,,,,,,,f,,,f,tech,,deployed,f,
342,,ffb204601a7f4e0d881d3e937407744f,Saumya Sunil P,,,,,,,,,,,,,,f,t,INSTRUCTOR,TECH,Venkatesh Pitchumani,"{""Training Institute""}",needs_review,,,,Possible match: Saumya Sunil Patil (78% confidence). Review before merging.,,,f,,,f,tech,,in_training,f,
409,,43d643bc62e246daba852e11821d109b,Sudha,,,,,,,,,,,,,,f,t,INSTRUCTOR,TECH,Venkatesh Pitchumani,"{""Nxtwave Institute of Advanced Technologies""}",needs_review,,,,,,,f,,,f,tech,,deployed,f,
434,,73acd61ad698416f8f8c838183dbce6f,Dikshant Nanaji Shende,,,,,,,,,,,,,,f,t,CENTRAL_INSTRUCTOR,TECH,Naga Venkata Dasaradhi Nunna,"{""Alard University""}",needs_review,,,,,,,f,,,f,tech,,deployed,f,
79,,18eb1bdcc3e8471ebc0408ab17af6bf0,Bachu Venkata Sai Vara Lakshmi,,,,,,,,,,,,,,f,t,CENTRAL_INSTRUCTOR,TECH,Naga Venkata Dasaradhi Nunna,"{""Training Institute""}",needs_review,,,,,,,f,,,f,tech,,in_training,f,
122,,7a2e42bd51ae45b58bb5b38f885f8c4b,Kavya Chalamalasetty,,,,,,,,,,,,,,f,t,INSTRUCTOR,TECH,Venkatesh Pitchumani,"{""Training Institute""}",needs_review,,,,,,,f,,,f,tech,,in_training,f,
139,,f0f938252dcc4cbc898ae1d5cf185033,MARASA SRIKANTH,,,,,,,,,,,,,,f,t,CENTRAL_INSTRUCTOR,TECH,Venkatesh Pitchumani,"{""Training Institute""}",needs_review,,,,,,,f,,,f,tech,,in_training,f,
547,,8c6710ef23f1471c82127bf1a711299e,Vaibhav Prajapati,,,,,,,,,,,,,,f,t,INSTRUCTOR,TECH,Venkatesh Pitchumani,"{""Training Institute""}",needs_review,,,,,,,f,,,f,tech,,in_training,f,
621,,b213f9d265634ab69ca47997d2b65fd7,AyanChakraborty,,,,,,,,,,,,,,f,t,INSTRUCTOR,TECH,Venkatesh Pitchumani,"{""Chaitanya Deemed-to-be University""}",needs_review,,,,,,,f,,,f,tech,,deployed,f,
356,,3ba33034f1a8459283bf3706ff9703eb,Muskaan Shaik,,,,,,,,,,,,,,f,t,INSTRUCTOR,TECH,Venkatesh Pitchumani,"{""Training Institute""}",needs_review,,,,Possible match: Hussain Sharif (64% confidence). Review before merging.,,,f,,,f,tech,,in_training,f,
549,,3c5a6a0009574152a70c40c3e77b2382,M V S L SATVIK,,,,,,,,,,,,,,f,t,CENTRAL_INSTRUCTOR,TECH,Venkatesh Pitchumani,"{""Aurora University""}",payroll_converted,,,,,payroll_converted,Confirmed against uploaded payroll reference file,f,,,f,tech,,deployed,t,
311,,5549fa78e6a24ea59af25f6f44c79d29,Bhatraju Jyothika,,,,,,,,,,,,,,f,t,CENTRAL_INSTRUCTOR,TECH,Venkatesh Pitchumani,"{""NIAT Chevella""}",needs_review,,,,,,,f,,,f,tech,,deployed,f,
141,,607b7702be734241a4f38ed4a9622b67,K Manoj Kumar,,,,,,,,,,,,,,f,t,INSTRUCTOR,TECH,Venkatesh Pitchumani,"{""Training Institute""}",needs_review,,,,,,,f,,,f,tech,,in_training,f,
368,,420710da2bc9417abf87bc8f1acb1e82,MANGADODDI VIJAYKUMAR,,,,,,,,,,,,,,f,t,INSTRUCTOR,TECH,Venkatesh Pitchumani,"{""Sanjay Ghodawat University""}",needs_review,,,,,,,f,,,f,tech,,deployed,f,
385,,002c81d85441425594a0c01bd9482fbd,Vaddi Karthik Reddy,,,,,,,,,,,,,,f,t,CENTRAL_INSTRUCTOR,TECH,Naga Venkata Dasaradhi Nunna,"{""Training Institute""}",needs_review,,,,,,,f,,,f,tech,,in_training,f,
439,,5bb526758f7e44fba1aa3b17babbb0cc,R MADHUMITHA,,,,,,,,,,,,,,f,t,CENTRAL_INSTRUCTOR,TECH,Venkatesh Pitchumani,"{""Training Institute""}",needs_review,,,,,,,f,,,f,tech,,in_training,f,
475,,7e97f04f385f4257bf47bcfd77d2d651,Aanchal Lalit,,,,,,,,,,,,,,f,t,CENTRAL_INSTRUCTOR,TECH,Venkatesh Pitchumani,"{""Training Institute""}",needs_review,,,,,,,f,,,f,tech,,in_training,f,
480,,305d40d43d4f464e9288e8dd65b83fe7,Guru Brahmam Velpula,,,,,,,,,,,,,,f,t,INSTRUCTOR,TECH,Venkatesh Pitchumani,"{""Chaitanya Deemed-to-be University""}",needs_review,,,,,,,f,,,f,tech,,deployed,f,
579,,0bf20a41e8c94fc187774a5b7468a86c,Sai Mamidisetti,,,,,,,,,,,,,,f,t,INSTRUCTOR,TECH,Venkatesh Pitchumani,"{""NIAT Chevella""}",needs_review,,,,Possible match: Sai Ram Polisetty (65% confidence). Review before merging.,,,f,,,f,tech,,deployed,f,
600,,ed49e5043246412a8c2104d44e111ad8,Sravani,,,,,,,,,,,,,,f,t,CENTRAL_INSTRUCTOR,TECH,Venkatesh Pitchumani,"{""Training Institute""}",needs_review,,,,,,,f,,,f,tech,,in_training,f,
486,,fc75b2c691234615b2a827f605e3db12,Sai Chander,,,,,,,,,,,,,,f,t,CENTRAL_INSTRUCTOR,TECH,Venkatesh Pitchumani,"{""Aurora University""}",needs_review,,,,,,,f,,,f,tech,,deployed,f,
564,,ca27e86fb21740ed9a61712d3d2cb4d9,Panduri Sai kiran,,,,,,,,,,,,,,f,t,CENTRAL_INSTRUCTOR,TECH,Venkatesh Pitchumani,"{""Chaitanya Deemed-to-be University""}",needs_review,,,,Possible match: Kudupudi Sai Kiran (67% confidence). Review before merging.,,,f,,,f,tech,,deployed,f,
558,,07ba0ed281674cfeae825e51e3fca8fc,Pragati,,,,,,,,,,,,,,f,t,CENTRAL_INSTRUCTOR,TECH,Venkatesh Pitchumani,"{""Alard University""}",needs_review,,,,,,,f,,,f,tech,,deployed,f,
541,,e7df6b762df44cf99656b1e5c4e2fb53,Likhita Yerra,,,,,,,,,,,,,,f,t,CENTRAL_INSTRUCTOR,TECH,Venkatesh Pitchumani,"{""Training Institute""}",needs_review,,,,,,,f,,,f,tech,,in_training,f,
244,,4d69f523d9cf483fbb1be6feb696fa1e,Pranav Maheshwari,,,,,,,,,,,,,,f,t,CENTRAL_INSTRUCTOR,TECH,Naga Venkata Dasaradhi Nunna,"{""Aurora University""}",needs_review,,,,,,,f,,,f,tech,,deployed,f,
422,,69ec4a776b944959b653926b06c10bf9,NARAYANASETTY JAHNAVI,,,,,,,,,,,,,,f,t,INSTRUCTOR,TECH,Venkatesh Pitchumani,"{""Training Institute""}",needs_review,,,,,,,f,,,f,tech,,in_training,f,
384,,d6beda8d9a1a4a8bb4d6ae4e6de5bd56,Sunitha B J,,,,,,,,,,,,,,f,t,CENTRAL_INSTRUCTOR,TECH,Venkatesh Pitchumani,"{""Training Institute""}",needs_review,,,,Possible match: Saritha B (64% confidence). Review before merging.,,,f,,,f,tech,,in_training,f,
530,,620375b2be8b4f96b8a752e18e1c1261,Anji katravath,,,,,,,,,,,,,,f,t,INSTRUCTOR,TECH,Venkatesh Pitchumani,"{""Training Institute""}",needs_review,,,,,,,f,,,f,tech,,in_training,f,
602,,876501a2e32b4d108736e6d081441f11,Siddhanth,,,,,,,,,,,,,,f,t,CENTRAL_INSTRUCTOR,TECH,Dharavath Jayanth,"{""Nxtwave Institute of Advanced Technologies""}",needs_review,,,,,,,f,,,f,tech,,deployed,f,
599,,022f319e9e624608bc4be96329a0a6e7,Manjunath,,,,,,,,,,,,,,f,t,CENTRAL_INSTRUCTOR,TECH,Venkatesh Pitchumani,"{""Aurora University""}",needs_review,,,,,,,f,,,f,tech,,deployed,f,
460,,5e9c88ae3205495daa41c1847eb3fc74,Safwan Molla,,,,,,,,,,,,,,f,t,CENTRAL_INSTRUCTOR,TECH,Venkatesh Pitchumani,"{""Aurora University""}",payroll_converted,,,,,payroll_converted,Confirmed against uploaded payroll reference file,f,,,f,tech,,deployed,t,
459,,3fe5a0d974ed47d9a6f065d8d348205c,Ranit Ray,,,,,,,,,,,,,,f,t,CENTRAL_INSTRUCTOR,TECH,Venkatesh Pitchumani,"{""Nxtwave Institute of Advanced Technologies""}",needs_review,,,,,,,f,,,f,tech,,deployed,f,
603,,af76f70e8ecf4a72b46989975d86b1a7,Harini Kachapuram,,,,,,,,,,,,,,f,t,INSTRUCTOR,TECH,Venkatesh Pitchumani,"{""Intensive Offline DC""}",needs_review,,,,,,,f,,,f,tech,,deployed,f,
503,,76121fc71353499e9bd57d7af6991bf8,Mani Teja Jinkala,,,,,,,,,,,,,,f,t,INSTRUCTOR,TECH,Venkatesh Pitchumani,"{""Training Institute""}",needs_review,,,,,,,f,,,f,tech,,in_training,f,
361,,7673edf2010c4bc995e222bc81a5e7f6,Niranjan Balaji S,,,,,,,,,,,,,,f,t,CENTRAL_INSTRUCTOR,TECH,Naga Venkata Dasaradhi Nunna,{S-VYASA},needs_review,,,,,,,f,,,f,tech,,deployed,f,
